event_id,disease,district,season_label,year,window_start,window_end,label,leaf_blast_incidence_pct,neck_blast_incidence_pct,leaf_blast_severity_pct,neck_blast_severity_pct,pct_fields_infected,avg_yield_loss_pct,affected_area_ha,note,source,precip_mean_mm,precip_max_mm,precip_sum_mm,precip_climatology_normal_mm,precip_anomaly_mm,rh_mean_pct,rh_max_pct,temp_mean_c,vpd_mean_kpa,wet_persistence_max_days,n_met_days,sar_vv_db_mean,sar_vh_db_mean,n_s1_scenes,ndvi_mean,ndwi_mean,lst_celsius_mean,n_landsat_scenes
RB_Dinajpur_2017,rice_blast,Dinajpur,Boro 2017,2017,2016-12-01,2017-03-15,1,19.33,7.7,18.67,7.67,,,,LBI=19.33% >= 15%,Mahmud et al. (2021) SAJBR 4(1):01-13,0.2505714285714286,11.91,26.31,0.2495889145496536,0.000982514021775,60.02885714285715,84.47,19.361714285714285,1.0138078180130985,1.0,105,-7.343291316758614,-14.831444467695755,6,0.2996874392294435,-0.2980504676229484,25.8591538484375,4.0
RB_Dinajpur_2018,rice_blast,Dinajpur,Boro 2018,2018,2017-12-01,2018-03-15,1,14.0,9.23,17.0,8.0,,,,NBI=9.23% >= 8%,Mahmud et al. (2021) SAJBR 4(1):01-13,0.1827619047619047,8.4,19.19,0.2472794457274826,-0.0645175409655779,63.21895238095237,90.88,18.669142857142855,0.8999012798903103,4.0,105,-7.296538320290995,-14.884439822968533,6,0.3859401059216719,-0.387963872815962,28.13533820427736,4.0
RB_Dinajpur_2019,rice_blast,Dinajpur,Boro 2019,2019,2018-12-01,2019-03-15,1,18.33,11.33,21.33,6.67,,,,LBI=18.33% >= 15%; NBI=11.33% >= 8%,Mahmud et al. (2021) SAJBR 4(1):01-13,0.3106666666666666,7.26,32.62,0.2472794457274826,0.0633872209391839,53.63314285714285,89.7,19.56819047619048,1.1705056044515798,1.0,105,-7.255726584748213,-15.00834102488831,6,0.305262631202042,-0.3602919636016141,25.526948340136727,4.0
RB_Rangpur_2017,rice_blast,Rangpur,Boro 2017,2017,2016-12-01,2017-03-15,1,15.33,7.37,13.33,5.0,,,,LBI=15.33% >= 15%,Mahmud et al. (2021) SAJBR 4(1):01-13,0.293047619047619,17.86,30.77,0.2784341801385681,0.0146134389090509,59.74190476190477,83.19,20.201523809523813,1.0547745675368017,1.0,105,-12.038190182054622,-19.74258197177546,6,0.5591706265780576,-0.4963595587007726,23.629306361386725,4.0
RB_Rangpur_2018,rice_blast,Rangpur,Boro 2018,2018,2017-12-01,2018-03-15,1,8.67,8.7,12.0,4.67,,,,NBI=8.7% >= 8%,Mahmud et al. (2021) SAJBR 4(1):01-13,0.2833333333333333,12.0,29.75,0.2761293302540415,0.0072040030792918,65.17333333333333,89.88,19.316857142857145,0.8739749324226782,5.0,105,-11.608714791314783,-19.599999010491786,6,0.4799095965903838,-0.4585751318523492,27.97037200853518,4.0
RB_Rangpur_2019,rice_blast,Rangpur,Boro 2019,2019,2018-12-01,2019-03-15,1,18.0,10.33,14.67,4.67,,,,LBI=18.0% >= 15%; NBI=10.33% >= 8%,Mahmud et al. (2021) SAJBR 4(1):01-13,0.3656190476190476,7.07,38.39,0.2761293302540415,0.0894897173650061,56.91209523809523,88.24,19.958095238095236,1.1178156702399349,1.0,105,-4.728578802763404,-13.007242762621486,6,0.4391637842608798,-0.4249932027185586,23.24147124242188,4.0
RB_Bogura_2017,rice_blast,Bogura,Boro 2017,2017,2016-12-01,2017-03-15,0,13.67,4.17,16.0,7.33,,,,LBI=13.67% < 15% and NBI=4.17% < 8%,Mahmud et al. (2021) SAJBR 4(1):01-13,0.3356190476190476,22.61,35.239999999999995,0.329866050808314,0.0057529968107335,61.749333333333325,83.71,20.12933333333334,1.005065332247973,1.0,105,-6.269635899601543,-14.034226633923318,6,0.337383454881932,-0.3328650785653278,25.62339725410159,4.0
RB_Bogura_2018,rice_blast,Bogura,Boro 2018,2018,2017-12-01,2018-03-15,0,7.67,4.73,11.0,6.67,,,,LBI=7.67% < 15% and NBI=4.73% < 8%,Mahmud et al. (2021) SAJBR 4(1):01-13,0.5963809523809523,21.08,62.62,0.3268314087759815,0.2695495436049708,68.16514285714285,92.79,19.138,0.787404557778852,4.0,105,-5.677989022628803,-13.731104682685777,6,0.4476774448440255,-0.4339153106713018,27.927399753183607,4.0
RB_Bogura_2019,rice_blast,Bogura,Boro 2019,2019,2018-12-01,2019-03-15,1,15.67,5.63,16.33,5.67,,,,LBI=15.67% >= 15%,Mahmud et al. (2021) SAJBR 4(1):01-13,0.4099047619047619,10.57,43.04,0.3268314087759815,0.0830733531287803,57.1807619047619,89.71,20.06047619047619,1.1164281924137427,1.0,105,-5.853223544107002,-13.9736759392027,6,0.3897869873299325,-0.3717925052557775,24.016120079843773,4.0
RB_Natore_2017,rice_blast,Natore,Boro 2017,2017,2016-12-01,2017-03-15,0,12.67,1.72,22.0,5.67,,,,LBI=12.67% < 15% and NBI=1.72% < 8%,Mahmud et al. (2021) SAJBR 4(1):01-13,0.2369523809523809,16.5,24.879999999999995,0.3249422632794457,-0.0879898823270648,59.487428571428566,83.57,19.94714285714286,1.0686129460934686,1.0,105,-6.811168568496629,-13.870657155773577,6,0.5221472586313258,-0.4791376743306769,26.57874051992188,4.0
RB_Natore_2018,rice_blast,Natore,Boro 2018,2018,2017-12-01,2018-03-15,0,7.67,2.35,14.0,5.67,,,,LBI=7.67% < 15% and NBI=2.35% < 8%,Mahmud et al. (2021) SAJBR 4(1):01-13,0.5898095238095238,26.58,61.93,0.3200969976905311,0.2697125261189926,65.30438095238095,92.41,18.84152380952381,0.8569360612394595,3.0,105,-6.18836173823809,-13.292712238253973,6,0.5124713196579517,-0.4822930035970585,28.24596656058597,4.0
RB_Natore_2019,rice_blast,Natore,Boro 2019,2019,2018-12-01,2019-03-15,0,12.0,2.9,20.67,5.0,,,,LBI=12.0% < 15% and NBI=2.9% < 8%,Mahmud et al. (2021) SAJBR 4(1):01-13,0.5105714285714286,13.93,53.61,0.3200969976905311,0.1904744308808974,52.50771428571428,89.59,19.992761904761903,1.225323829429189,3.0,105,-7.008614066436218,-13.63116100609495,4,0.48591027920149366,-0.44366470839833155,24.281070036406263,4.0
RB_Meherpur_2017,rice_blast,Meherpur,Boro 2017,2017,2016-12-01,2017-03-15,1,15.0,1.77,9.67,3.0,,,,LBI=15.0% >= 15%,Mahmud et al. (2021) SAJBR 4(1):01-13,0.2645714285714285,19.24,27.78,0.3918429561200924,-0.1272715275486639,57.60838095238095,82.27,20.45638095238095,1.1575196615942382,1.0,105,-8.922134169981883,-15.63177961625834,6,0.4304934530170515,-0.4018805872871565,24.748190535312517,4.0
RB_Meherpur_2018,rice_blast,Meherpur,Boro 2018,2018,2017-12-01,2018-03-15,0,10.67,3.43,5.33,3.67,,,,LBI=10.67% < 15% and NBI=3.43% < 8%,Mahmud et al. (2021) SAJBR 4(1):01-13,0.7017142857142857,36.27,73.68,0.3846789838337182,0.3170353018805675,64.464,92.49,19.19647619047619,0.9062847634992202,4.0,105,-9.138576308808071,-15.760601925860888,6,0.513603085623843,-0.4791859769794906,26.869348991855475,4.0
RB_Meherpur_2019,rice_blast,Meherpur,Boro 2019,2019,2018-12-01,2019-03-15,0,14.67,3.65,10.67,2.33,,,,LBI=14.67% < 15% and NBI=3.65% < 8%,Mahmud et al. (2021) SAJBR 4(1):01-13,0.7300000000000001,16.92,76.65,0.3846789838337182,0.3453210161662818,52.1924761904762,89.89,20.27819047619048,1.2481952420010576,4.0,105,-7.196233343213803,-13.831683624115051,6,0.4462710772157659,-0.4050696574069802,23.689689156113303,4.0
RB_Rajbari_2017,rice_blast,Rajbari,Boro 2017,2017,2016-12-01,2017-03-15,0,11.0,3.37,7.67,2.0,,,,LBI=11.0% < 15% and NBI=3.37% < 8%,Mahmud et al. (2021) SAJBR 4(1):01-13,0.5485714285714286,39.21,57.6,0.4496535796766743,0.0989178488947542,60.73838095238096,84.5,20.610952380952376,1.0730014760065971,1.0,105,-20.206583460699974,-26.96183901093833,6,0.3984272927597181,-0.3862479878289354,28.592027733945315,4.0
RB_Rajbari_2018,rice_blast,Rajbari,Boro 2018,2018,2017-12-01,2018-03-15,0,6.67,5.33,4.0,2.0,,,,LBI=6.67% < 15% and NBI=5.33% < 8%,Mahmud et al. (2021) SAJBR 4(1):01-13,0.9983809523809524,46.59,104.83,0.4413995381062356,0.5569814142747167,67.56657142857144,92.78,19.45695238095238,0.8294300175828115,4.0,105,-26.20211786125096,-32.9854716459561,4,0.423118480162059,-0.4027815796500037,28.163246471093757,4.0
RB_Rajbari_2019,rice_blast,Rajbari,Boro 2019,2019,2018-12-01,2019-03-15,0,13.33,7.43,7.33,1.67,,,,LBI=13.33% < 15% and NBI=7.43% < 8%,Mahmud et al. (2021) SAJBR 4(1):01-13,0.8494285714285713,19.56,89.18999999999998,0.4413995381062356,0.4080290333223357,55.929142857142864,90.28,20.39257142857143,1.159150841517347,4.0,105,-7.0723793814980995,-14.307794326965492,6,0.34250813904413946,-0.31286259481759604,23.995878992656273,4.0
RB_Mymensingh_2017,rice_blast,Mymensingh,Boro 2017,2017,2016-12-01,2017-03-15,0,11.33,1.7,10.33,7.33,,,,LBI=11.33% < 15% and NBI=1.7% < 8%,Mahmud et al. (2021) SAJBR 4(1):01-13,1.342,59.69,140.91,0.6157921478060047,0.7262078521939954,63.784952380952376,86.52,20.75895238095238,0.9753409278699248,3.0,105,-5.3123878650262535,-13.002324666446372,6,0.3744903675522124,-0.3589787269473198,25.61441159996096,4.0
RB_Mymensingh_2018,rice_blast,Mymensingh,Boro 2018,2018,2017-12-01,2018-03-15,0,6.67,2.27,6.33,6.67,,,,LBI=6.67% < 15% and NBI=2.27% < 8%,Mahmud et al. (2021) SAJBR 4(1):01-13,1.5272380952380953,54.27,160.36,0.6072979214780599,0.9199401737600352,72.56161904761905,93.84,19.482380952380954,0.7010923926416558,6.0,105,-4.653383683654525,-12.651397890882798,6,0.4062001176424066,-0.3656144740400765,26.05365387324221,4.0
RB_Mymensingh_2019,rice_blast,Mymensingh,Boro 2019,2019,2018-12-01,2019-03-15,0,13.0,2.97,12.0,4.33,,,,LBI=13.0% < 15% and NBI=2.97% < 8%,Mahmud et al. (2021) SAJBR 4(1):01-13,0.9807619047619046,23.18,102.98,0.6072979214780599,0.3734639832838446,59.55504761904761,91.48,20.1407619047619,1.0429040107222696,3.0,105,-4.53004155388363,-12.785207041741211,6,0.399308530451552,-0.3921634376660436,24.804027096406287,4.0
RB_Jashore_2017,rice_blast,Jashore,Boro 2017,2017,2016-12-01,2017-03-15,0,8.33,1.2,6.67,2.0,,,,LBI=8.33% < 15% and NBI=1.2% < 8%,Mahmud et al. (2021) SAJBR 4(1):01-13,0.883904761904762,59.85,92.81,0.5731177829099307,0.3107869789948313,61.66504761904762,86.4,20.69485714285715,1.0695900396220113,2.0,105,-6.725934436922515,-13.87061045236121,6,0.3380476540265085,-0.3227897731438866,24.36703457457034,4.0
RB_Jashore_2018,rice_blast,Jashore,Boro 2018,2018,2017-12-01,2018-03-15,0,5.0,1.67,4.0,2.67,,,,LBI=5.0% < 15% and NBI=1.67% < 8%,Mahmud et al. (2021) SAJBR 4(1):01-13,0.9354285714285714,38.47,98.22,0.5574688221709008,0.3779597492576706,67.13533333333334,93.07,19.796190476190475,0.8945613339505092,5.0,105,-6.715501240822859,-13.96432105349502,6,0.4615135515017616,-0.4258979018615029,24.411832666777343,4.0
RB_Jashore_2019,rice_blast,Jashore,Boro 2019,2019,2018-12-01,2019-03-15,0,7.67,2.47,9.33,2.33,,,,LBI=7.67% < 15% and NBI=2.47% < 8%,Mahmud et al. (2021) SAJBR 4(1):01-13,1.508857142857143,35.76,158.43,0.5574688221709008,0.951388320686242,55.485142857142854,87.08,20.62580952380952,1.187506741961728,4.0,105,-6.24177532889163,-13.99213812430591,6,0.3696042837946081,-0.3658559435879807,25.4482838114844,4.0
WB_Meherpur_2016,wheat_blast,Meherpur,2015-16,2016,2015-12-01,2016-02-28,1,,,,,70.0,30.0,9640.0,Highest infection; 62% of national affected area,Islam et al. (2016) BMC Biology 14:84,0.533888888888889,19.94,48.05000000000001,0.3340107238605898,0.1998781650282991,51.346333333333334,82.04,20.73966666666667,1.2740110318902618,1.0,90,-7.530874795450722,-14.27102614160784,3,0.4668407424423768,-0.3943464028672112,22.875192347246113,4.0
WB_Chuadanga_2016,wheat_blast,Chuadanga,2015-16,2016,2015-12-01,2016-02-28,1,,,,,44.0,36.0,unknown,2nd highest infection,Islam et al. (2016) BMC Biology 14:84,0.6444444444444445,14.25,58.0,0.3954584450402145,0.24898599940423,53.44266666666666,76.33,20.97155555555556,1.2441721084541577,1.0,90,-6.19325838369209,-13.090561974114134,4,0.5381468718377477,-0.4522522226917974,22.32444941046877,3.0
WB_Jessore_2016,wheat_blast,Jessore,2015-16,2016,2015-12-01,2016-02-28,1,,,,,37.0,25.0,unknown,3rd highest infection,Islam et al. (2016) BMC Biology 14:84,0.7243333333333332,21.67,65.18999999999998,0.4795442359249329,0.2447890974084002,55.131,76.36,21.337777777777777,1.2345399707257698,3.0,90,-6.856519374854081,-15.004035691814137,6,0.3708774052894348,-0.3430908462106883,24.8268517260547,4.0
WB_Jhenaidah_2016,wheat_blast,Jhenaidah,2015-16,2016,2015-12-01,2016-02-28,1,,,,,8.0,51.0,unknown,Highest yield loss (51%),Islam et al. (2016) BMC Biology 14:84,0.5898888888888889,16.28,53.09,0.4295710455764076,0.1603178433124813,54.500888888888895,74.01,21.031444444444443,1.219134930673346,2.0,90,-7.777960840552709,-15.900638358778648,6,0.317489689962794,-0.2894423970275471,23.428574458320327,2.0
WB_Bhola_2016,wheat_blast,Bhola,2015-16,2016,2015-12-01,2016-02-28,1,,,,,5.0,5.0,unknown,,Islam et al. (2016) BMC Biology 14:84,0.7387777777777778,33.14,66.49,0.548225201072386,0.1905525767053917,68.84911111111113,87.28,21.21711111111111,0.8328982704658895,2.0,90,-7.271757190032293,-14.046646489800068,6,0.4296595335960247,-0.3738715516259646,24.8778783586133,4.0
WB_Kushtia_2016,wheat_blast,Kushtia,2015-16,2016,2015-12-01,2016-02-28,1,,,,,2,10.0,unknown,,Islam et al. (2016) BMC Biology 14:84,0.5872222222222222,25.39,52.85,0.3811152815013404,0.2061069407208817,53.433777777777784,76.12,20.848333333333333,1.224045477064256,1.0,90,-5.664783040046541,-13.917950170138988,6,0.243151201885695,-0.2080755247310136,23.023939637539087,4.0
WB_Barisal_2016,wheat_blast,Barisal,2015-16,2016,2015-12-01,2016-02-28,1,,,,,1,21.0,unknown,,Islam et al. (2016) BMC Biology 14:84,0.7387777777777778,33.14,66.49,0.548225201072386,0.1905525767053917,68.84911111111113,87.28,21.21711111111111,0.8328982704658895,2.0,90,-6.113607968055981,-13.286526720125009,4,0.4475166051269156,-0.3969620801387002,25.45255967439455,4.0
WB_Pabna_2016,wheat_blast,Pabna,2015-16,2016,2015-12-01,2016-02-28,1,,,,,0.2,18.0,unknown,Lowest infection,Islam et al. (2016) BMC Biology 14:84,0.5872222222222222,25.39,52.85,0.3811152815013404,0.2061069407208817,53.433777777777784,76.12,20.848333333333333,1.224045477064256,1.0,90,-5.578976110407223,-14.48116380091056,6,0.2753117019566076,-0.2463277237482055,23.353017524023457,4.0
WB_Dinajpur_2016,wheat_blast,Dinajpur,2015-16,2016,2015-12-01,2016-02-28,0,,,,,0,0.0,0,Wheat-growing district; not in 2016 outbreak zone,Islam et al. (2016) - inferred negative,0.1664444444444444,13.26,14.98,0.2117533512064343,-0.0453089067619899,49.860888888888894,81.86,19.35111111111111,1.2057302087406756,1.0,90,-7.6167587923334,-14.592320375356609,6,0.2648304578382861,-0.2781444517842154,24.270081636171895,4.0
WB_Thakurgaon_2016,wheat_blast,Thakurgaon,2015-16,2016,2015-12-01,2016-02-28,0,,,,,0,0.0,0,Wheat-growing district; not in 2016 outbreak zone,Islam et al. (2016) - inferred negative,0.1044444444444444,8.01,9.4,0.209029490616622,-0.1045850461721775,50.381777777777785,79.43,18.995666666666672,1.167323561494254,1.0,90,-7.224904462796047,-14.890310002278992,6,0.4161703514092719,-0.402307410668769,23.713518496718763,4.0
WB_Panchagarh_2016,wheat_blast,Panchagarh,2015-16,2016,2015-12-01,2016-02-28,0,,,,,0,0.0,0,Wheat-growing district; not in 2016 outbreak zone,Islam et al. (2016) - inferred negative,0.0951111111111111,5.17,8.56,0.2243002680965147,-0.1291891569854036,47.242666666666665,73.93,19.373444444444445,1.2542533866962409,1.0,90,-8.194764702862711,-15.59965242074755,6,0.3682255880561026,-0.3788661306002071,24.442564805585977,4.0
WB_Rangpur_2016,wheat_blast,Rangpur,2015-16,2016,2015-12-01,2016-02-28,0,,,,,0,0.0,0,Wheat-growing district; not in 2016 outbreak zone,Islam et al. (2016) - inferred negative,0.3928888888888889,33.35,35.36,0.2541501340482573,0.1387387548406315,52.91177777777777,82.63,19.78533333333333,1.1601449743046477,1.0,90,-18.512669503689523,-12.869445784445304,6,0.3056770725398285,-0.2801246858140729,21.132219111406272,4.0
WB_Nilphamari_2016,wheat_blast,Nilphamari,2015-16,2016,2015-12-01,2016-02-28,0,,,,,0,0.0,0,Wheat-growing district; not in 2016 outbreak zone,Islam et al. (2016) - inferred negative,0.1044444444444444,8.01,9.4,0.209029490616622,-0.1045850461721775,50.381777777777785,79.43,18.995666666666672,1.167323561494254,1.0,90,-6.364007331870151,-14.31011093076826,6,0.343322899272276,-0.3255881184784836,22.6973418183008,4.0
WB_Kurigram_2016,wheat_blast,Kurigram,2015-16,2016,2015-12-01,2016-02-28,0,,,,,0,0.0,0,Wheat-growing district; not in 2016 outbreak zone,Islam et al. (2016) - inferred negative,0.2001111111111111,16.19,18.009999999999998,0.2265951742627346,-0.0264840631516234,54.40722222222222,81.75,19.308333333333337,1.1042059632711017,1.0,90,-7.128752311457149,-16.18437821067208,6,0.2792402993167087,-0.2626776517075694,21.693241698828142,4.0
WB_Gaibandha_2016,wheat_blast,Gaibandha,2015-16,2016,2015-12-01,2016-02-28,0,,,,,0,0.0,0,Wheat-growing district; not in 2016 outbreak zone,Islam et al. (2016) - inferred negative,0.3928888888888889,33.35,35.36,0.2541501340482573,0.1387387548406315,52.91177777777777,82.63,19.78533333333333,1.1601449743046477,1.0,90,-7.687416605403841,-17.47758997206728,6,0.2655386093787911,-0.2546814308763644,22.89729265039064,4.0
WB_Bogura_2016,wheat_blast,Bogura,2015-16,2016,2015-12-01,2016-02-28,0,,,,,0,0.0,0,Wheat-growing district; not in 2016 outbreak zone,Islam et al. (2016) - inferred negative,0.5925555555555556,48.22,53.330000000000005,0.2994638069705094,0.2930917485850462,54.904333333333334,86.62,19.886222222222223,1.1210466896432876,1.0,90,-5.890323915720849,-13.137907451702556,6,0.3136465008079884,-0.3005322962535289,23.04675091554691,4.0
WB_Joypurhat_2016,wheat_blast,Joypurhat,2015-16,2016,2015-12-01,2016-02-28,0,,,,,0,0.0,0,Wheat-growing district; not in 2016 outbreak zone,Islam et al. (2016) - inferred negative,0.2733333333333334,20.0,24.6,0.2365093833780161,0.0368239499553172,51.003333333333345,87.81,19.67855555555556,1.205959766567619,1.0,90,-7.017936161030015,-14.611513579544583,6,0.3321960697761161,-0.3087106761832867,22.369832749589875,4.0
WB_Naogaon_2016,wheat_blast,Naogaon,2015-16,2016,2015-12-01,2016-02-28,0,,,,,0,0.0,0,Wheat-growing district; not in 2016 outbreak zone,Islam et al. (2016) - inferred negative,0.2733333333333334,20.0,24.6,0.2365093833780161,0.0368239499553172,51.003333333333345,87.81,19.67855555555556,1.205959766567619,1.0,90,-6.095125063509079,-14.793005623116164,6,0.2294816386182545,-0.2056162909791896,21.797925237148466,4.0
WB_Rajshahi_2016,wheat_blast,Rajshahi,2015-16,2016,2015-12-01,2016-02-28,0,,,,,0,0.0,0,Wheat-growing district; not in 2016 outbreak zone,Islam et al. (2016) - inferred negative,0.4118888888888889,23.99,37.07,0.2792493297587131,0.1326395591301757,50.972666666666655,89.05,20.239888888888892,1.2438667219661277,1.0,90,-6.185934396913413,-14.508818607888438,3,0.2432422933714291,-0.2078292665954497,22.327087472128937,4.0
WB_Natore_2016,wheat_blast,Natore,2015-16,2016,2015-12-01,2016-02-28,0,,,,,0,0.0,0,Wheat-growing district; not in 2016 outbreak zone,Islam et al. (2016) - inferred negative,0.4118888888888889,23.99,37.07,0.2792493297587131,0.1326395591301757,50.972666666666655,89.05,20.239888888888892,1.2438667219661277,1.0,90,-5.7887086823713725,-13.45311182972107,6,0.3090209240356619,-0.2521611622168108,21.99552284257813,4.0
WB_Sirajganj_2016,wheat_blast,Sirajganj,2015-16,2016,2015-12-01,2016-02-28,0,,,,,0,0.0,0,Wheat-growing district; not in 2016 outbreak zone,Islam et al. (2016) - inferred negative,1.2426666666666666,92.49,111.84,0.4362949061662198,0.8063717605004468,56.80066666666667,80.3,20.344111111111115,1.105548791577525,1.0,90,-6.828275560490424,-14.666295133740109,4,0.2020308294376504,-0.1772425693385116,23.551763370546897,4.0
WB_Faridpur_2016,wheat_blast,Faridpur,2015-16,2016,2015-12-01,2016-02-28,0,,,,,0,0.0,0,Wheat-growing district; not in 2016 outbreak zone,Islam et al. (2016) - inferred negative,0.6057777777777779,15.88,54.52,0.4613672922252011,0.1444104855525767,56.373,77.39,21.10822222222222,1.174219328641751,2.0,90,-6.952457960727346,-13.989117476259205,4,0.3030349637879074,-0.2664114311693311,24.088332428164065,4.0
WB_Rajbari_2016,wheat_blast,Rajbari,2015-16,2016,2015-12-01,2016-02-28,0,,,,,0,0.0,0,Wheat-growing district; not in 2016 outbreak zone,Islam et al. (2016) - inferred negative,0.5872222222222222,25.39,52.85,0.3811152815013404,0.2061069407208817,53.433777777777784,76.12,20.848333333333333,1.224045477064256,1.0,90,-7.592863346150304,-14.301043104060568,5,0.2707500714826867,-0.2305076632492249,23.2068170591797,4.0
WB_Magura_2016,wheat_blast,Magura,2015-16,2016,2015-12-01,2016-02-28,0,,,,,0,0.0,0,Wheat-growing district; not in 2016 outbreak zone,Islam et al. (2016) - inferred negative,0.5898888888888889,16.28,53.09,0.4295710455764076,0.1603178433124813,54.500888888888895,74.01,21.031444444444443,1.219134930673346,2.0,90,-7.056997915692778,-14.516810403274716,4,0.419348490926868,-0.3737929424133675,24.98426089320313,4.0
WB_Narail_2016,wheat_blast,Narail,2015-16,2016,2015-12-01,2016-02-28,0,,,,,0,0.0,0,Wheat-growing district; not in 2016 outbreak zone,Islam et al. (2016) - inferred negative,0.7243333333333332,21.67,65.18999999999998,0.4795442359249329,0.2447890974084002,55.131,76.36,21.337777777777777,1.2345399707257698,3.0,90,-7.281110561379702,-14.48610096242695,4,0.4489211746517337,-0.3970712833007727,24.039575574511744,4.0
WB_Satkhira_2016,wheat_blast,Satkhira,2015-16,2016,2015-12-01,2016-02-28,0,,,,,0,0.0,0,Wheat-growing district; not in 2016 outbreak zone,Islam et al. (2016) - inferred negative,0.9165555555555556,39.15,82.49000000000001,0.5055495978552278,0.4110059577003278,56.653888888888886,78.57,21.944111111111113,1.2530127604591388,3.0,90,-7.537985200867808,-15.77357956355706,1,0.3055902471226364,-0.2583225127437364,23.695850938261728,4.0
WB_Khulna_2016,wheat_blast,Khulna,2015-16,2016,2015-12-01,2016-02-28,0,,,,,0,0.0,0,Wheat-growing district; not in 2016 outbreak zone,Islam et al. (2016) - inferred negative,0.7243333333333332,21.67,65.18999999999998,0.4795442359249329,0.2447890974084002,55.131,76.36,21.337777777777777,1.2345399707257698,3.0,90,-5.321761621029722,-13.736412278466858,4,0.2673027514302687,-0.2406504192009286,23.967419970664096,4.0
WB_Tangail_2016,wheat_blast,Tangail,2015-16,2016,2015-12-01,2016-02-28,0,,,,,0,0.0,0,Wheat-growing district; not in 2016 outbreak zone,Islam et al. (2016) - inferred negative,1.2426666666666666,92.49,111.84,0.4362949061662198,0.8063717605004468,56.80066666666667,80.3,20.344111111111115,1.105548791577525,1.0,90,-5.607488460317656,-13.46841401414508,4,0.2920203823007166,-0.2624533751908685,23.638095078828144,4.0
WB_Jamalpur_2016,wheat_blast,Jamalpur,2015-16,2016,2015-12-01,2016-02-28,0,,,,,0,0.0,0,Wheat-growing district; not in 2016 outbreak zone,Islam et al. (2016) - inferred negative,1.271111111111111,103.39,114.4,0.4064343163538874,0.8646767947572237,56.351111111111095,81.36,20.016666666666666,1.0917665566808767,1.0,90,-6.035294698844692,-14.160079666474104,6,0.2687119785818457,-0.2412030241631629,24.527300992812513,2.0
WB_Sherpur_2016,wheat_blast,Sherpur,2015-16,2016,2015-12-01,2016-02-28,0,,,,,0,0.0,0,Wheat-growing district; not in 2016 outbreak zone,Islam et al. (2016) - inferred negative,1.271111111111111,103.39,114.4,0.4064343163538874,0.8646767947572237,56.351111111111095,81.36,20.016666666666666,1.0917665566808767,1.0,90,-5.654054040238437,-14.83719538094932,5,0.2745768001828172,-0.2521175478931822,23.800040465878936,4.0
WB_Mymensingh_2016,wheat_blast,Mymensingh,2015-16,2016,2015-12-01,2016-02-28,0,,,,,0,0.0,0,Wheat-growing district; not in 2016 outbreak zone,Islam et al. (2016) - inferred negative,1.615444444444445,108.97,145.39,0.5517479892761394,1.0636964551683057,59.92377777777778,82.71,20.219333333333335,1.029391251930284,2.0,90,-5.4806518331483485,-13.507770768880842,4,0.3683997947868986,-0.3377487577469751,24.242029839218773,4.0
WB_Dhaka_2016,wheat_blast,Dhaka,2015-16,2016,2015-12-01,2016-02-28,0,,,,,0,0.0,0,Wheat-growing district; not in 2016 outbreak zone,Islam et al. (2016) - inferred negative,0.9512222222222224,42.22,85.61000000000001,0.5057587131367293,0.4454635090854931,58.49977777777778,79.76,20.81755555555555,1.0999830043762897,2.0,90,-3.726548545769936,-11.314834821364556,4,0.1945070846681151,-0.1996534378995542,26.74698454343752,4.0
WB_Comilla_2016,wheat_blast,Comilla,2015-16,2016,2015-12-01,2016-02-28,0,,,,,0,0.0,0,Wheat-growing district; not in 2016 outbreak zone,Islam et al. (2016) - inferred negative,0.6012222222222223,21.19,54.11000000000001,0.5480053619302949,0.0532168602919274,68.92122222222223,87.83,19.874555555555556,0.7744084660440693,2.0,90,-7.242179558173084,-14.054629788918794,6,0.3339829106822294,-0.3288696672203927,25.623053449355496,4.0
WB_Meherpur_2015,wheat_blast,Meherpur,2014-15,2015,2014-12-01,2015-02-28,0,,,,,0,0.0,0,Pre-emergence: wheat blast not yet present in Asia,Kim & Choi (2020) Front Plant Sci - observed,0.4318888888888889,19.95,38.870000000000005,0.3340107238605898,0.097878165028299,54.53011111111111,82.8,19.290444444444447,1.1018360151742557,1.0,90,-7.264166295626341,-14.748666288317182,6,0.541476723783562,-0.4971008658448047,24.34050820255861,4.0
WB_Chuadanga_2015,wheat_blast,Chuadanga,2014-15,2015,2014-12-01,2015-02-28,0,,,,,0,0.0,0,Pre-emergence: wheat blast not yet present in Asia,Kim & Choi (2020) Front Plant Sci - observed,0.6377777777777778,22.32,57.4,0.3954584450402145,0.2423193327375633,56.22444444444445,82.42,19.26,1.0636840066541402,2.0,90,-6.530496104596961,-14.24609837720911,6,0.5743372245530244,-0.526672873136313,24.133067100078147,3.0
WB_Jessore_2015,wheat_blast,Jessore,2014-15,2015,2014-12-01,2015-02-28,0,,,,,0,0.0,0,Pre-emergence: wheat blast not yet present in Asia,Kim & Choi (2020) Front Plant Sci - observed,0.6614444444444445,18.88,59.53,0.4795442359249329,0.1819002085195115,56.98044444444445,80.96,19.802444444444443,1.0811053894987634,2.0,90,-6.674070972123377,-15.53883607359556,6,0.4084581718857415,-0.3962934290594778,24.61923705224612,4.0
WB_Jhenaidah_2015,wheat_blast,Jhenaidah,2014-15,2015,2014-12-01,2015-02-28,0,,,,,0,0.0,0,Pre-emergence: wheat blast not yet present in Asia,Kim & Choi (2020) Front Plant Sci - observed,0.5641111111111111,22.38,50.77,0.4295710455764076,0.1345400655347035,57.81611111111111,82.44,19.62144444444445,1.0469106218302502,1.0,90,-6.709788300822798,-15.376136323121086,6,0.4558451089076546,-0.4408704470053862,24.605678461191403,4.0
WB_Bhola_2015,wheat_blast,Bhola,2014-15,2015,2014-12-01,2015-02-28,0,,,,,0,0.0,0,Pre-emergence: wheat blast not yet present in Asia,Kim & Choi (2020) Front Plant Sci - observed,0.1984444444444444,5.4,17.86,0.548225201072386,-0.3497807566279416,66.61077777777777,85.63,20.421666666666667,0.8614225033303144,1.0,90,-7.046899815928466,-14.532508326812026,6,0.4539459800503546,-0.400725653894007,25.193868299375023,4.0
WB_Kushtia_2015,wheat_blast,Kushtia,2014-15,2015,2014-12-01,2015-02-28,0,,,,,0,0.0,0,Pre-emergence: wheat blast not yet present in Asia,Kim & Choi (2020) Front Plant Sci - observed,0.3816666666666666,19.13,34.349999999999994,0.3811152815013404,0.0005513851653261,58.274111111111104,84.28,19.534444444444443,1.0253740460356628,1.0,90,-5.817111368397387,-14.97091298618778,6,0.3624411166752369,-0.3521230024114351,24.621647023378927,4.0
WB_Barisal_2015,wheat_blast,Barisal,2014-15,2015,2014-12-01,2015-02-28,0,,,,,0,0.0,0,Pre-emergence: wheat blast not yet present in Asia,Kim & Choi (2020) Front Plant Sci - observed,0.1984444444444444,5.4,17.86,0.548225201072386,-0.3497807566279416,66.61077777777777,85.63,20.421666666666667,0.8614225033303144,1.0,90,-6.32806993474194,-13.881106640006474,6,0.4738394846308695,-0.4311095455567361,25.727386507109372,4.0
WB_Pabna_2015,wheat_blast,Pabna,2014-15,2015,2014-12-01,2015-02-28,0,,,,,0,0.0,0,Pre-emergence: wheat blast not yet present in Asia,Kim & Choi (2020) Front Plant Sci - observed,0.3816666666666666,19.13,34.349999999999994,0.3811152815013404,0.0005513851653261,58.274111111111104,84.28,19.534444444444443,1.0253740460356628,1.0,90,-5.424038008892652,-15.015282009516293,6,0.305260339446812,-0.309004291627815,26.839381234472683,4.0
WB_Dinajpur_2015,wheat_blast,Dinajpur,2014-15,2015,2014-12-01,2015-02-28,0,,,,,0,0.0,0,Pre-emergence: wheat blast not yet present in Asia,Kim & Choi (2020) Front Plant Sci - observed,0.2978888888888888,8.12,26.81,0.2117533512064343,0.0861355376824545,58.283333333333346,82.44,18.37555555555555,0.9653811758437136,1.0,90,-7.749465184535349,-15.270508291969279,6,0.3739149008585388,-0.398168384193878,26.665118958945328,4.0
WB_Rangpur_2015,wheat_blast,Rangpur,2014-15,2015,2014-12-01,2015-02-28,0,,,,,0,0.0,0,Pre-emergence: wheat blast not yet present in Asia,Kim & Choi (2020) Front Plant Sci - observed,0.3562222222222223,12.16,32.06,0.2541501340482573,0.1020720881739649,61.320333333333345,83.04,18.98188888888889,0.9234811957064262,2.0,90,-4.42658622539816,-13.428831711564245,6,0.5134701188483599,-0.4776892154900081,25.733174443320323,4.0
WB_Bogura_2015,wheat_blast,Bogura,2014-15,2015,2014-12-01,2015-02-28,0,,,,,0,0.0,0,Pre-emergence: wheat blast not yet present in Asia,Kim & Choi (2020) Front Plant Sci - observed,0.3612222222222222,15.44,32.51,0.2994638069705094,0.0617584152517128,62.432111111111105,84.9,18.880555555555553,0.8917130007461382,1.0,90,-4.7873193832832435,-13.395569388649479,6,0.383117455793821,-0.392839795887925,26.40120820507815,3.0
WB_Rajshahi_2015,wheat_blast,Rajshahi,2014-15,2015,2014-12-01,2015-02-28,0,,,,,0,0.0,0,Pre-emergence: wheat blast not yet present in Asia,Kim & Choi (2020) Front Plant Sci - observed,0.3261111111111111,15.4,29.35,0.2792493297587131,0.0468617813523979,55.684333333333335,83.13,18.953555555555553,1.0555597748837795,1.0,90,-6.508566075342891,-15.400101730936834,3,0.3751821046965881,-0.3611219195904033,26.007186825957035,4.0
WB_Meherpur_2017,wheat_blast,Meherpur,2016-17,2017,2016-12-01,2017-02-28,1,,,,,low/unquantified,3.0,low/unquantified,"Recurrence, lower severity (1-5% yield loss); milder weather + management",Gupta et al. (2021) Front Plant Sci; Kim & Choi (2020),0.0147777777777777,0.81,1.33,0.3376621983914209,-0.3228844206136432,60.019888888888886,82.27,19.630777777777777,1.0222618368317573,0.0,90,-8.131036923742863,-14.857733376397311,6,0.43049345301705155,-0.40188058728715653,24.748190535312517,4.0
WB_Chuadanga_2017,wheat_blast,Chuadanga,2016-17,2017,2016-12-01,2017-02-28,1,,,,,low/unquantified,3.0,low/unquantified,"Recurrence, lower severity (1-5% yield loss); milder weather + management",Gupta et al. (2021) Front Plant Sci; Kim & Choi (2020),0.0095555555555555,0.4,0.8600000000000001,0.4004986595174263,-0.3909431039618708,59.365111111111105,82.52,19.803555555555555,1.0551920947899696,0.0,90,-6.842201873566935,-13.592204221192048,6,0.5067641657338349,-0.4784270238001011,23.65512175853516,4.0
WB_Jessore_2017,wheat_blast,Jessore,2016-17,2017,2016-12-01,2017-02-28,1,,,,,low/unquantified,3.0,low/unquantified,"Recurrence, lower severity (1-5% yield loss); milder weather + management",Gupta et al. (2021) Front Plant Sci; Kim & Choi (2020),0.0176666666666666,1.12,1.59,0.4833029490616621,-0.4656362823949955,62.65855555555554,86.4,19.861444444444448,0.9736884169510396,2.0,90,-7.109002824330974,-14.285362605984986,6,0.33804765402650855,-0.3227897731438866,24.36703457457034,4.0
WB_Jhenaidah_2017,wheat_blast,Jhenaidah,2016-17,2017,2016-12-01,2017-02-28,1,,,,,low/unquantified,3.0,low/unquantified,"Recurrence, lower severity (1-5% yield loss); milder weather + management",Gupta et al. (2021) Front Plant Sci; Kim & Choi (2020),0.014,0.83,1.26,0.4329383378016085,-0.4189383378016085,62.71155555555555,85.43,19.834666666666664,0.9626714044607878,1.0,90,-7.771061947508955,-15.171513491983848,6,0.4135254989504398,-0.4035644266035456,24.991404020937523,4.0
WB_Bhola_2017,wheat_blast,Bhola,2016-17,2017,2016-12-01,2017-02-28,1,,,,,low/unquantified,3.0,low/unquantified,"Recurrence, lower severity (1-5% yield loss); milder weather + management",Gupta et al. (2021) Front Plant Sci; Kim & Choi (2020),0.0822222222222222,2.64,7.4,0.5473351206434317,-0.4651128984212095,72.91099999999999,87.26,20.179222222222226,0.6934672856814335,4.0,90,-6.968049130433301,-13.810475611937761,6,0.4514340157478066,-0.4189460739643257,26.25147178074222,4.0
WB_Kushtia_2017,wheat_blast,Kushtia,2016-17,2017,2016-12-01,2017-02-28,1,,,,,low/unquantified,3.0,low/unquantified,"Recurrence, lower severity (1-5% yield loss); milder weather + management",Gupta et al. (2021) Front Plant Sci; Kim & Choi (2020),0.0177777777777777,0.74,1.6,0.3843806970509383,-0.3666029192731606,62.872333333333344,84.5,19.838444444444445,0.9536121811576048,0.0,90,-6.051075064294351,-14.208954327868264,6,0.3714278243936927,-0.3678168603323561,26.969429552070352,4.0
WB_Barisal_2017,wheat_blast,Barisal,2016-17,2017,2016-12-01,2017-02-28,1,,,,,low/unquantified,3.0,low/unquantified,"Recurrence, lower severity (1-5% yield loss); milder weather + management",Gupta et al. (2021) Front Plant Sci; Kim & Choi (2020),0.0822222222222222,2.64,7.4,0.5473351206434317,-0.4651128984212095,72.91099999999999,87.26,20.179222222222226,0.6934672856814335,4.0,90,-6.0643717301067674,-12.855791356606314,6,0.4561024018612138,-0.43991290782391246,26.399664977949243,4.0
WB_Pabna_2017,wheat_blast,Pabna,2016-17,2017,2016-12-01,2017-02-28,1,,,,,low/unquantified,3.0,low/unquantified,"Recurrence, lower severity (1-5% yield loss); milder weather + management",Gupta et al. (2021) Front Plant Sci; Kim & Choi (2020),0.0177777777777777,0.74,1.6,0.3843806970509383,-0.3666029192731606,62.872333333333344,84.5,19.838444444444445,0.9536121811576048,0.0,90,-7.219801418503421,,1,0.36015431186017527,-0.3660891956863671,30.241536147500028,4.0
