event_id,disease,district,upazila,lat,lon,season_label,year,window_start,window_end,label,leaf_blast_incidence_pct,neck_blast_incidence_pct,leaf_blast_severity_pct,neck_blast_severity_pct,pct_fields_infected,avg_yield_loss_pct,affected_area_ha,note,source,precip_mean_mm,precip_max_mm,precip_sum_mm,precip_climatology_normal_mm,precip_anomaly_mm,rh_mean_pct,rh_max_pct,temp_mean_c,vpd_mean_kpa,wet_persistence_max_days,n_met_days,sar_vv_db_mean,sar_vh_db_mean,n_s1_scenes,ndvi_mean,ndwi_mean,lst_celsius_mean,n_landsat_scenes,water_extent_frac,water_extent_frac_strict,water_extent_frac_max,monsoon_precip_mean_mm,monsoon_precip_max_mm,monsoon_precip_sum_mm,monsoon_precip_climatology_normal_mm,monsoon_precip_anomaly_mm,monsoon_rh_mean_pct,monsoon_rh_max_pct,monsoon_temp_mean_c,monsoon_vpd_mean_kpa,monsoon_wet_persistence_max_days,monsoon_n_met_days,monsoon_sar_vv_db_mean,monsoon_sar_vh_db_mean,monsoon_n_s1_scenes,monsoon_water_extent_frac,monsoon_water_extent_frac_strict,monsoon_water_extent_frac_max,monsoon_ndvi_mean,monsoon_ndwi_mean,monsoon_lst_celsius_mean,monsoon_n_landsat_scenes
RB_Dinajpur_Birganj_2017,rice_blast,Dinajpur,Birganj,26.0,88.5833,Boro 2017,2017,2016-12-01,2017-03-15,1,22.0,7.0,26.0,8.0,,,,LBI=22% >= 15%,Mahmud et al. (2021) SAJBR 4(1):01-13,0.3041904761904762,15.85,31.94,0.2763325635103926,0.0278579126800835,58.40838095238095,84.83,19.44352380952381,1.043072674176479,1.0,105,-7.804716468101534,-15.615104650244705,6,0.4347915919376941,-0.4020693883853562,23.75783926777345,4.0,0.1367320895061068,0.1042740936726605,0.3321588357724643,15.324262295081969,83.62,1869.56,11.974142857142857,3.35011943793911,86.89844262295082,94.78,28.693278688524593,0.542591339353738,96.0,122.0,-6.777663120675993,,5.0,0.0734580752733434,0.0640174413151686,0.3129406629809522,0.3626338480449117,-0.3311534433976075,32.98910351351564,4.0
RB_Dinajpur_Birganj_2018,rice_blast,Dinajpur,Birganj,26.0,88.5833,Boro 2018,2018,2017-12-01,2018-03-15,1,14.0,8.0,24.0,6.0,,,,NBI=8% >= 8%,Mahmud et al. (2021) SAJBR 4(1):01-13,0.1121904761904761,3.2,11.78,0.2736397228637414,-0.1614492466732652,60.5684761904762,88.75,18.79171428571429,0.955020619189346,3.0,105,-7.710708688574599,-15.69442521770116,6,0.4390527228726657,-0.4494499997268759,28.141613475371106,4.0,0.1066806206383605,0.0727252619958836,0.4491417203231487,14.88270491803279,213.3,1815.6900000000005,11.993059523809524,2.889645394223267,87.68204918032787,96.01,28.634918032786885,0.5102707130429848,101.0,122.0,-7.554812237170752,,5.0,0.1774011169599071,0.1688091941174486,0.4300321908729407,0.3270411391697191,-0.2961438636010645,29.546431934375033,4.0
RB_Dinajpur_Birganj_2019,rice_blast,Dinajpur,Birganj,26.0,88.5833,Boro 2019,2019,2018-12-01,2019-03-15,1,17.0,10.0,28.0,5.0,,,,LBI=17% >= 15%; NBI=10% >= 8%,Mahmud et al. (2021) SAJBR 4(1):01-13,0.3454285714285715,7.09,36.27,0.2736397228637414,0.07178884856483,53.99895238095238,87.7,19.331714285714288,1.1290697592059158,1.0,105,-7.196897389097246,-15.32682838873346,6,0.3594556962122109,-0.401154737845143,25.73362172328126,4.0,0.0357882655213847,0.0032053663676702,0.0640431193019525,12.547131147540984,66.9,1530.75,11.993059523809524,0.5540716237314616,86.9316393442623,93.56,28.78090163934426,0.5397344402262283,85.0,122.0,-7.038609824982563,,5.0,0.0161573610905961,0.0035814986965706,0.0251074803380678,0.4120315655356143,-0.3953267768383788,24.581809065664075,4.0
RB_Dinajpur_Kaharole_2017,rice_blast,Dinajpur,Kaharole,25.7917,88.6,Boro 2017,2017,2016-12-01,2017-03-15,1,19.0,8.0,24.0,9.0,,,,LBI=19% >= 15%; NBI=8% >= 8%,Mahmud et al. (2021) SAJBR 4(1):01-13,0.3041904761904762,15.85,31.94,0.2763325635103926,0.0278579126800835,58.40838095238095,84.83,19.44352380952381,1.043072674176479,1.0,105,-7.580115703545611,-14.9540250556207,6,0.4243789216056812,-0.3931244521672163,24.69556504378907,4.0,0.0522775344414495,0.0071320331523366,0.0982258828469862,15.324262295081969,83.62,1869.56,11.974142857142857,3.35011943793911,86.89844262295082,94.78,28.693278688524593,0.542591339353738,96.0,122.0,-7.165468631295281,,5.0,0.0150876254931833,0.0042109799210906,0.0192359808976913,0.3535643981541615,-0.3224562406645219,34.25248470546876,4.0
RB_Dinajpur_Kaharole_2018,rice_blast,Dinajpur,Kaharole,25.7917,88.6,Boro 2018,2018,2017-12-01,2018-03-15,1,15.0,9.0,22.0,11.0,,,,LBI=15% >= 15%; NBI=9% >= 8%,Mahmud et al. (2021) SAJBR 4(1):01-13,0.1121904761904761,3.2,11.78,0.2736397228637414,-0.1614492466732652,60.5684761904762,88.75,18.79171428571429,0.955020619189346,3.0,105,-19.128859190271218,-26.953683280696243,6,0.4491272280233992,-0.4599038586658472,28.75217732533207,4.0,0.3696353088336784,0.3381620131645768,1.0,14.88270491803279,213.3,1815.6900000000005,11.993059523809524,2.889645394223267,87.68204918032787,96.01,28.634918032786885,0.5102707130429848,101.0,122.0,-20.89785138727545,,5.0,0.4074067834681042,0.4017045343568107,1.0,0.2998909339516792,-0.2679303698945187,33.606639145156294,4.0
RB_Dinajpur_Kaharole_2019,rice_blast,Dinajpur,Kaharole,25.7917,88.6,Boro 2019,2019,2018-12-01,2019-03-15,1,20.0,11.0,25.0,10.0,,,,LBI=20% >= 15%; NBI=11% >= 8%,Mahmud et al. (2021) SAJBR 4(1):01-13,0.3454285714285715,7.09,36.27,0.2736397228637414,0.07178884856483,53.99895238095238,87.7,19.331714285714288,1.1290697592059158,1.0,105,-7.6283709123725485,-14.980090011343847,6,0.3464755262596751,-0.3899697577300796,26.143260071386734,4.0,0.0511998149341771,0.006728371550972,0.0881070793781007,12.547131147540984,66.9,1530.75,11.993059523809524,0.5540716237314616,86.9316393442623,93.56,28.78090163934426,0.5397344402262283,85.0,122.0,-7.293509353733812,,5.0,0.0153478895659986,0.0035019678503066,0.0230648658150709,0.3496576326688599,-0.3316815406881817,32.83438025140629,4.0
RB_Dinajpur_Sadar_2017,rice_blast,Dinajpur,Sadar,25.633,88.65,Boro 2017,2017,2016-12-01,2017-03-15,1,17.0,8.0,6.0,6.0,,,,LBI=17% >= 15%; NBI=8% >= 8%,Mahmud et al. (2021) SAJBR 4(1):01-13,0.2505714285714286,11.91,26.31,0.2495889145496536,0.000982514021775,60.02885714285715,84.47,19.361714285714285,1.0138078180130985,1.0,105,-8.937157159780492,-15.968865597801171,6,0.311966858793035,-0.3141066005328469,26.71939337808595,4.0,0.2240600463643229,0.1780972292976296,0.5521333405253789,11.722704918032788,86.46,1430.17,9.87653968253968,1.8461652354931068,85.77975409836066,93.72,28.846065573770495,0.6020793204823705,98.0,122.0,-6.951312269073519,,5.0,0.1239329241041375,0.1106684155028529,0.5255803470813613,0.3072830604812085,-0.2838947012950679,35.49003047281252,4.0
RB_Dinajpur_Sadar_2018,rice_blast,Dinajpur,Sadar,25.633,88.65,Boro 2018,2018,2017-12-01,2018-03-15,1,13.0,10.0,5.0,7.0,,,,NBI=10% >= 8%,Mahmud et al. (2021) SAJBR 4(1):01-13,0.1827619047619047,8.4,19.19,0.2472794457274826,-0.0645175409655779,63.21895238095237,90.88,18.669142857142855,0.8999012798903103,4.0,105,-8.734855938883465,-15.772935459229096,6,0.4371959967264261,-0.4289031103139356,28.81292395226562,4.0,0.1648336206303092,0.1154786434168883,0.6832877472049611,12.515409836065574,162.69,1526.88,9.898722222222222,2.616687613843352,87.6188524590164,95.39,28.698934426229513,0.5176382616249333,97.0,122.0,-8.66950735044928,,5.0,0.271182241967247,0.2602894260906031,0.6526427277135493,0.2848938042480056,-0.2453412817552674,18.733056131679703,4.0
RB_Dinajpur_Sadar_2019,rice_blast,Dinajpur,Sadar,25.633,88.65,Boro 2019,2019,2018-12-01,2019-03-15,1,18.0,12.0,11.0,5.0,,,,LBI=18% >= 15%; NBI=12% >= 8%,Mahmud et al. (2021) SAJBR 4(1):01-13,0.3106666666666666,7.26,32.62,0.2472794457274826,0.063387220939184,53.63314285714285,89.7,19.56819047619048,1.1705056044515798,1.0,105,-8.130832951133408,-15.303947907377774,6,0.3162599576656127,-0.3665487956687948,25.355369744375025,4.0,0.0803389561432164,0.0117482975484085,0.1345413672127797,9.443688524590163,49.65,1152.13,9.898722222222222,-0.4550336976320572,86.70631147540982,93.72,28.869590163934433,0.5528162820037704,88.0,122.0,-6.958931164356111,,5.0,0.0197498135060529,0.0077300642892533,0.0235519688644688,0.5008402642601422,-0.454109556126594,34.34324025734375,4.0
RB_Rangpur_Taraganj_2017,rice_blast,Rangpur,Taraganj,25.8117,89.017,Boro 2017,2017,2016-12-01,2017-03-15,1,13.0,8.0,18.0,3.0,,,,NBI=8% >= 8%,Mahmud et al. (2021) SAJBR 4(1):01-13,0.3041904761904762,15.85,31.94,0.2763325635103926,0.0278579126800835,58.40838095238095,84.83,19.44352380952381,1.043072674176479,1.0,105,-8.853183212247428,-16.84378190633421,6,0.3759147589382325,-0.3554525557594383,24.268516156308607,4.0,0.2844842642993444,0.2737429306701952,0.8221830318998935,15.324262295081969,83.62,1869.56,11.974142857142857,3.35011943793911,86.89844262295082,94.78,28.693278688524593,0.542591339353738,96.0,122.0,-6.684663220007391,,5.0,0.0314863613924563,0.0199491474724175,0.081417474424123,0.3771195523278215,-0.3419132165709868,38.22193191382814,3.0
RB_Rangpur_Taraganj_2018,rice_blast,Rangpur,Taraganj,25.8117,89.017,Boro 2018,2018,2017-12-01,2018-03-15,1,6.0,9.0,17.0,2.0,,,,NBI=9% >= 8%,Mahmud et al. (2021) SAJBR 4(1):01-13,0.1121904761904761,3.2,11.78,0.2736397228637414,-0.1614492466732652,60.5684761904762,88.75,18.79171428571429,0.955020619189346,3.0,105,-7.514231174580999,-15.966496733514155,6,0.4270026936501204,-0.4136635125144441,27.433245519921883,4.0,0.1611044644657608,0.1447473952936034,0.856672679038703,14.88270491803279,213.3,1815.6900000000005,11.993059523809524,2.889645394223267,87.68204918032787,96.01,28.634918032786885,0.5102707130429848,101.0,122.0,-10.18253285201366,,5.0,0.3524151642147874,0.344891537468141,0.8625844456043547,0.4428147304825181,-0.3966813068580939,28.22612824789064,3.0
RB_Rangpur_Taraganj_2019,rice_blast,Rangpur,Taraganj,25.8117,89.017,Boro 2019,2019,2018-12-01,2019-03-15,1,12.0,10.0,20.0,4.0,,,,NBI=10% >= 8%,Mahmud et al. (2021) SAJBR 4(1):01-13,0.3454285714285715,7.09,36.27,0.2736397228637414,0.07178884856483,53.99895238095238,87.7,19.331714285714288,1.1290697592059158,1.0,105,-6.4141112185090385,-14.601945069099466,6,0.3786519250185901,-0.3914024760671237,23.847515562031276,4.0,0.0117966128831201,0.0011923267988738,0.0282293060646612,12.547131147540984,66.9,1530.75,11.993059523809524,0.5540716237314616,86.9316393442623,93.56,28.78090163934426,0.5397344402262283,85.0,122.0,-6.938533478704548,,5.0,0.0190927548140012,0.0047353630511584,0.0302560316906188,0.135340908230476,-0.1234591095970871,24.13920440421877,4.0
RB_Rangpur_Badarganj_2017,rice_blast,Rangpur,Badarganj,25.667,89.05,Boro 2017,2017,2016-12-01,2017-03-15,1,15.0,8.0,14.0,5.0,,,,LBI=15% >= 15%; NBI=8% >= 8%,Mahmud et al. (2021) SAJBR 4(1):01-13,0.2505714285714286,11.91,26.31,0.2495889145496536,0.000982514021775,60.02885714285715,84.47,19.361714285714285,1.0138078180130985,1.0,105,-7.798297364142546,-15.415774893330678,6,0.3635285574937956,-0.3496926588897394,24.396678554668,4.0,0.1056160300584249,0.0802751871303902,0.2495655989631893,11.722704918032788,86.46,1430.17,9.87653968253968,1.8461652354931068,85.77975409836066,93.72,28.846065573770495,0.6020793204823705,98.0,122.0,-6.800555191484845,,5.0,0.0208752552597637,0.0093892840884953,0.0374623297112816,0.3762327267942689,-0.3455834957248816,40.81120222859377,3.0
RB_Rangpur_Badarganj_2018,rice_blast,Rangpur,Badarganj,25.667,89.05,Boro 2018,2018,2017-12-01,2018-03-15,1,12.0,10.0,12.0,4.0,,,,NBI=10% >= 8%,Mahmud et al. (2021) SAJBR 4(1):01-13,0.1827619047619047,8.4,19.19,0.2472794457274826,-0.0645175409655779,63.21895238095237,90.88,18.669142857142855,0.8999012798903103,4.0,105,-7.314851348458478,-15.343299633470494,6,0.3860794413216008,-0.3886343917263158,28.111185086386755,4.0,0.082394624302454,0.0512986910772181,0.2941515525124777,12.515409836065574,162.69,1526.88,9.898722222222222,2.616687613843352,87.6188524590164,95.39,28.698934426229513,0.5176382616249333,97.0,122.0,-7.685938991389548,,5.0,0.1363486057973857,0.1216306295863002,0.3183484868032403,0.2974488630772489,-0.2711944935702834,16.09775603585939,3.0
RB_Rangpur_Badarganj_2019,rice_blast,Rangpur,Badarganj,25.667,89.05,Boro 2019,2019,2018-12-01,2019-03-15,1,21.0,11.0,15.0,3.0,,,,LBI=21% >= 15%; NBI=11% >= 8%,Mahmud et al. (2021) SAJBR 4(1):01-13,0.3106666666666666,7.26,32.62,0.2472794457274826,0.063387220939184,53.63314285714285,89.7,19.56819047619048,1.1705056044515798,1.0,105,-7.343302544836469,-15.11140554827179,6,0.363688645523512,-0.3869277517930322,24.056882638671908,4.0,0.026849648552902,0.0037540367091944,0.056635378186883,9.443688524590163,49.65,1152.13,9.898722222222222,-0.4550336976320572,86.70631147540982,93.72,28.869590163934433,0.5528162820037704,88.0,122.0,-7.000101276292439,,5.0,0.0203622770838874,0.0069249258404481,0.0312578821190074,0.4060409610317447,-0.3806184984105644,23.344323380703145,3.0
RB_Rangpur_Kaunia_2017,rice_blast,Rangpur,Kaunia,25.77,89.417,Boro 2017,2017,2016-12-01,2017-03-15,1,18.0,6.0,8.0,7.0,,,,LBI=18% >= 15%,Mahmud et al. (2021) SAJBR 4(1):01-13,0.3059999999999999,19.69,32.129999999999995,0.2614133949191686,0.0445866050808313,59.61228571428571,83.36,20.00609523809524,1.0469234544124828,1.0,105,-5.8516911485753935,-14.03721391916006,6,0.4140432681831558,-0.3787240951240712,23.94163461470704,4.0,0.0336640617908121,0.0088898625873,0.0463102496448382,15.51122950819672,73.77,1892.37,12.52472222222222,2.9865072859745005,87.35508196721312,94.32,28.75098360655738,0.5202199749327868,105.0,122.0,-5.390204815232537,,5.0,0.0888110978287114,0.0553427675408153,0.107088906771004,0.3274447421398021,-0.300555288475262,40.67687137226568,3.0
RB_Rangpur_Kaunia_2018,rice_blast,Rangpur,Kaunia,25.77,89.417,Boro 2018,2018,2017-12-01,2018-03-15,0,8.0,7.0,7.0,8.0,,,,LBI=8% < 15% and NBI=7% < 8%,Mahmud et al. (2021) SAJBR 4(1):01-13,0.1304761904761905,5.69,13.7,0.2589284064665127,-0.1284522159903222,63.8942857142857,86.63,19.181619047619048,0.8967873058844801,3.0,105,-5.596708236947072,-14.036091804781954,6,0.4188019328733451,-0.4011202382179509,27.178623057382826,4.0,0.0424948598917125,0.0123436042275588,0.0543097388504643,15.114098360655738,166.11,1843.92,12.532559523809525,2.5815388368462155,88.13262295081968,94.89,28.65295081967213,0.4838664735090748,100.0,122.0,-6.194485134278753,,5.0,0.0950408851644259,0.0526975689344115,0.0999377469356771,0.2784261497118495,-0.2567943288747331,15.498819239609398,3.0
RB_Rangpur_Kaunia_2019,rice_blast,Rangpur,Kaunia,25.77,89.417,Boro 2019,2019,2018-12-01,2019-03-15,1,21.0,10.0,9.0,7.0,,,,LBI=21% >= 15%; NBI=10% >= 8%,Mahmud et al. (2021) SAJBR 4(1):01-13,0.4256190476190477,13.22,44.690000000000005,0.2589284064665127,0.1666906411525349,58.47876190476191,88.15,19.434666666666665,1.0408887433609897,1.0,105,-5.767481216890903,-14.239578859618392,6,0.3954813498353625,-0.3913025164487879,22.750581485292983,4.0,0.0336701669654429,0.0089430783424095,0.0471940894469527,12.67934426229508,70.73,1546.88,12.532559523809525,0.1467847384855574,86.87196721311474,93.38,28.913360655737705,0.5429323715124441,82.0,122.0,-5.81885119209168,,5.0,0.0883017620673165,0.053621767001981,0.1030900103636867,0.5266939583971239,-0.4800382973373762,12.655122286367202,3.0
RB_Bogura_Shibganj_2017,rice_blast,Bogura,Shibganj,25.017,89.317,Boro 2017,2017,2016-12-01,2017-03-15,1,21.0,3.0,20.0,9.0,,,,LBI=21% >= 15%,Mahmud et al. (2021) SAJBR 4(1):01-13,0.3356190476190476,22.61,35.239999999999995,0.329866050808314,0.0057529968107335,61.749333333333325,83.71,20.12933333333334,1.005065332247973,1.0,105,-6.861395100619338,-14.916330517299704,6,0.3791722547713454,-0.359586778123987,25.098651074257816,4.0,0.0899552226860985,0.056193952913079,0.3045472582011146,10.57844262295082,54.58,1290.57,9.982646825396824,0.5957957975539934,86.03131147540984,92.33,28.8827868852459,0.5829798062402801,86.0,122.0,-6.019214842597077,,5.0,0.075807902478238,0.066836804141203,0.3385329820880622,0.3238918724913129,-0.3021764901822437,35.869630967421905,3.0
RB_Bogura_Shibganj_2018,rice_blast,Bogura,Shibganj,25.017,89.317,Boro 2018,2018,2017-12-01,2018-03-15,0,11.0,3.0,10.0,7.0,,,,LBI=11% < 15% and NBI=3% < 8%,Mahmud et al. (2021) SAJBR 4(1):01-13,0.5963809523809523,21.08,62.62,0.3268314087759815,0.2695495436049708,68.16514285714285,92.79,19.138,0.787404557778852,4.0,105,-6.32224752875134,-14.61604642293239,6,0.4243423408970248,-0.4128330104990959,28.37880870898438,4.0,0.0933133716205977,0.0560756449829235,0.3317870804575438,14.249590163934425,91.52,1738.4499999999998,9.99572619047619,4.253863973458234,88.44745901639344,94.64,28.661967213114753,0.4695954913654934,102.0,122.0,-6.3154691621138825,,5.0,0.0780603484279524,0.0655012834236823,0.324131609167283,0.4680997849418369,-0.4192379353447198,30.270802943750013,4.0
RB_Bogura_Shibganj_2019,rice_blast,Bogura,Shibganj,25.017,89.317,Boro 2019,2019,2018-12-01,2019-03-15,1,19.0,4.0,18.0,6.0,,,,LBI=19% >= 15%,Mahmud et al. (2021) SAJBR 4(1):01-13,0.4099047619047619,10.57,43.04,0.3268314087759815,0.0830733531287803,57.1807619047619,89.71,20.06047619047619,1.1164281924137427,1.0,105,-6.937824426886833,-14.849904393910778,6,0.450592570409431,-0.4153979361609083,23.725368077773425,4.0,0.0486523803222084,0.0094326234772377,0.0937331350547519,9.140737704918031,66.23,1115.1699999999998,9.99572619047619,-0.8549884855581595,87.26680327868853,92.49,28.87959016393443,0.5228367394232605,92.0,122.0,-5.9332587617345105,,5.0,0.0203180370124674,0.0043047589846558,0.0436327915131438,0.5032934291341871,-0.4450265740369767,30.35505179609379,4.0
RB_Bogura_Sadar_2017,rice_blast,Bogura,Sadar,24.85,89.367,Boro 2017,2017,2016-12-01,2017-03-15,0,11.0,3.0,16.0,8.0,,,,LBI=11% < 15% and NBI=3% < 8%,Mahmud et al. (2021) SAJBR 4(1):01-13,0.3356190476190476,22.61,35.239999999999995,0.329866050808314,0.0057529968107335,61.749333333333325,83.71,20.12933333333334,1.005065332247973,1.0,105,-6.344007121002005,-14.116432361364735,6,0.3393348475644027,-0.3359844344652526,25.742861058593775,4.0,0.1063056408927282,0.0781070170265817,0.3715442714873407,10.57844262295082,54.58,1290.57,9.982646825396824,0.5957957975539934,86.03131147540984,92.33,28.8827868852459,0.5829798062402801,86.0,122.0,-4.965432534956963,,5.0,0.0261867899571088,0.0182091643815744,0.0826362192790882,0.2688139313844556,-0.254896609275494,35.02650601578129,3.0
RB_Bogura_Sadar_2018,rice_blast,Bogura,Sadar,24.85,89.367,Boro 2018,2018,2017-12-01,2018-03-15,0,6.0,4.0,13.0,6.0,,,,LBI=6% < 15% and NBI=4% < 8%,Mahmud et al. (2021) SAJBR 4(1):01-13,0.5963809523809523,21.08,62.62,0.3268314087759815,0.2695495436049708,68.16514285714285,92.79,19.138,0.787404557778852,4.0,105,-5.786023204499515,-13.836730836900024,6,0.4372802828698748,-0.4263245934990058,28.00010611220705,4.0,0.1327731399795675,0.0930182803678963,0.3950270846917304,14.249590163934425,91.52,1738.4499999999998,9.99572619047619,4.253863973458234,88.44745901639344,94.64,28.661967213114753,0.4695954913654934,102.0,122.0,-5.646942469645653,,5.0,0.1007516413930714,0.0921667773414666,0.3806845507310289,0.432901990056643,-0.3908458915827903,18.313267198789084,4.0
RB_Bogura_Sadar_2019,rice_blast,Bogura,Sadar,24.85,89.367,Boro 2019,2019,2018-12-01,2019-03-15,1,17.0,4.0,18.0,5.0,,,,LBI=17% >= 15%,Mahmud et al. (2021) SAJBR 4(1):01-13,0.4099047619047619,10.57,43.04,0.3268314087759815,0.0830733531287803,57.1807619047619,89.71,20.06047619047619,1.1164281924137427,1.0,105,-5.9953298518943114,-14.11988858793567,6,0.3911951316772295,-0.3741939413765413,24.09652032177736,4.0,0.0409005406554464,0.0064719352444083,0.084940606747845,9.140737704918031,66.23,1115.1699999999998,9.99572619047619,-0.8549884855581595,87.26680327868853,92.49,28.87959016393443,0.5228367394232605,92.0,122.0,-5.385074842019715,,5.0,0.0130532086030852,0.0030379037295612,0.0184802680491802,0.4415200840877874,-0.3965995652227593,30.61957450015626,4.0
RB_Bogura_Adamdighi_2017,rice_blast,Bogura,Adamdighi,24.817,89.033,Boro 2017,2017,2016-12-01,2017-03-15,0,9.0,7.0,12.0,5.0,,,,LBI=9% < 15% and NBI=7% < 8%,Mahmud et al. (2021) SAJBR 4(1):01-13,0.2147619047619047,12.7,22.549999999999997,0.2691501154734411,-0.0543882107115364,60.55971428571429,83.91,19.52514285714286,1.0154966138190764,1.0,105,-7.205500124977931,-15.237125599006507,6,0.3367359014394223,-0.3230930899698311,24.892384916152352,4.0,0.0379481356883736,0.006425350040745,0.0705614170085095,9.077295081967211,65.95,1107.4299999999998,8.36704365079365,0.7102514311735604,84.11016393442624,92.07,29.066721311475412,0.6922650445273991,79.0,122.0,-6.1916736629657,,4.0,0.0181747884587353,0.0046836371771034,0.0210885865137811,0.4115904895141143,-0.3759308808466173,37.66401580812502,3.0
RB_Bogura_Adamdighi_2018,rice_blast,Bogura,Adamdighi,24.817,89.033,Boro 2018,2018,2017-12-01,2018-03-15,0,6.0,7.0,10.0,7.0,,,,LBI=6% < 15% and NBI=7% < 8%,Mahmud et al. (2021) SAJBR 4(1):01-13,0.3808571428571428,16.07,39.989999999999995,0.2661847575057736,0.1146723853513691,65.13266666666667,91.93,18.632571428571428,0.8502768901410247,4.0,105,-6.983336483232919,-15.23693902670289,6,0.4365674935011807,-0.4245010756762826,27.618212473320327,4.0,0.0582539800631886,0.0100980355422783,0.1614925119712725,10.577459016393442,87.8,1290.45,8.383797619047618,2.1936613973458243,87.18434426229508,94.76,28.759754098360652,0.539597564845435,92.0,122.0,-7.128263336073419,,5.0,0.0671276253280728,0.026748783766095,0.072683822931738,0.4558591178855516,-0.4118910955629401,25.17896119261721,4.0
RB_Bogura_Adamdighi_2019,rice_blast,Bogura,Adamdighi,24.817,89.033,Boro 2019,2019,2018-12-01,2019-03-15,1,11.0,8.0,13.0,6.0,,,,NBI=8% >= 8%,Mahmud et al. (2021) SAJBR 4(1):01-13,0.3660952380952381,10.35,38.44,0.2661847575057736,0.0999104805894644,53.016000000000005,89.54,19.755047619047616,1.2047943364773046,1.0,105,-7.376114716249159,-15.676951386379727,6,0.3472666150790964,-0.3468468352423084,24.047543166054695,4.0,0.0495997717526191,0.0076200568522008,0.1056135844982291,7.451393442622951,35.78,909.07,8.383797619047618,-0.9324041764246668,86.01573770491804,93.06,28.954180327868855,0.5870490240933568,72.0,122.0,-7.121195580547697,,5.0,0.0248549342878225,0.0066341760457833,0.0310389071626533,0.4209416162888759,-0.3824599964957056,32.388736979082054,4.0
RB_Natore_Sadar_2017,rice_blast,Natore,Sadar,24.4133,88.93,Boro 2017,2017,2016-12-01,2017-03-15,1,16.0,1.0,22.0,7.0,,,,LBI=16% >= 15%,Mahmud et al. (2021) SAJBR 4(1):01-13,0.2369523809523809,16.5,24.879999999999995,0.3249422632794457,-0.0879898823270648,59.487428571428566,83.57,19.94714285714286,1.0686129460934686,1.0,105,-7.0601595327423,-13.909145342437125,6,0.5195250990688927,-0.4750999926628562,26.47623329902343,4.0,0.0319655405114004,0.0218480630875494,0.1312530658770967,8.995573770491802,62.37,1097.4599999999998,7.871884920634921,1.1236888498568811,84.1733606557377,93.0,29.04975409836066,0.6901653533502266,74.0,122.0,-5.790846740822365,,5.0,0.0624639840360504,0.0496308025553596,0.1383205304783676,0.3055364123110554,-0.2798971234748516,26.134687205468765,3.0
RB_Natore_Sadar_2018,rice_blast,Natore,Sadar,24.4133,88.93,Boro 2018,2018,2017-12-01,2018-03-15,0,12.0,2.0,12.0,9.0,,,,LBI=12% < 15% and NBI=2% < 8%,Mahmud et al. (2021) SAJBR 4(1):01-13,0.5898095238095238,26.58,61.93,0.3200969976905311,0.2697125261189926,65.30438095238095,92.41,18.84152380952381,0.8569360612394595,3.0,105,-6.3625409117234355,-13.457046597349027,6,0.5236645904889545,-0.4882090923902609,28.201198509570332,4.0,0.0508522185112566,0.0393443859171054,0.2255650306207198,10.2577868852459,74.44,1251.4499999999998,7.881261904761904,2.376524980483997,87.45229508196721,95.21,28.711311475409836,0.5232115239545705,90.0,122.0,-5.963591210960593,,5.0,0.0546352485241821,0.0452187759176981,0.2253133097940566,0.3902030964947722,-0.3398667266405279,19.56126841337891,4.0
RB_Natore_Sadar_2019,rice_blast,Natore,Sadar,24.4133,88.93,Boro 2019,2019,2018-12-01,2019-03-15,1,18.0,2.0,20.0,7.0,,,,LBI=18% >= 15%,Mahmud et al. (2021) SAJBR 4(1):01-13,0.5105714285714286,13.93,53.61,0.3200969976905311,0.1904744308808974,52.50771428571428,89.59,19.992761904761903,1.225323829429189,3.0,105,-6.700407641410403,-13.570507485573629,6,0.4911290757870253,-0.4462959881263161,24.19327632347658,4.0,0.015098073159355,0.0040549248161879,0.015098073159355,7.218360655737705,40.72,880.64,7.881261904761904,-0.6629012490241992,86.03385245901639,93.49,28.94204918032787,0.5867751809978542,70.0,122.0,-5.855718620414018,,5.0,0.0129684797522254,0.0040349176415794,0.0147965007307693,0.4193590466081523,-0.3647956752028019,35.94408861664065,4.0
RB_Natore_Singra_2017,rice_blast,Natore,Singra,24.5,89.133,Boro 2017,2017,2016-12-01,2017-03-15,0,12.0,2.0,23.0,6.0,,,,LBI=12% < 15% and NBI=2% < 8%,Mahmud et al. (2021) SAJBR 4(1):01-13,0.4421904761904762,31.97,46.43,0.3919584295612009,0.0502320466292752,61.489999999999995,83.92,20.347809523809524,1.0317979851308163,1.0,105,-7.766412002066702,-14.624325952650596,6,0.5060965221683632,-0.449725327422375,24.75599123134768,4.0,0.0291998570519384,0.0052373044469221,0.0469955789468634,10.422377049180328,53.65,1271.53,9.325305555555556,1.097071493624771,85.72532786885246,92.72,28.894098360655732,0.5972614486560016,80.0,122.0,-6.8080392089964095,,5.0,0.1899070586310539,0.0784076788681649,0.240014192686592,0.4688212185857364,-0.386857447196878,35.244418142421885,3.0
RB_Natore_Singra_2018,rice_blast,Natore,Singra,24.5,89.133,Boro 2018,2018,2017-12-01,2018-03-15,0,6.0,3.0,13.0,6.0,,,,LBI=6% < 15% and NBI=3% < 8%,Mahmud et al. (2021) SAJBR 4(1):01-13,0.8830476190476191,34.98,92.72,0.3870900692840646,0.4959575497635544,68.3404761904762,92.56,19.238,0.789210420290327,4.0,105,-7.328937301382953,-14.512571526720793,6,0.5164666254976699,-0.4746726929082992,26.889466576367212,4.0,0.0261383656949154,0.0062830933874492,0.037275499017677,15.076803278688526,104.02,1839.37,9.33543253968254,5.741370739005987,88.50008196721312,94.75,28.63180327868853,0.4657330949836716,100.0,122.0,-7.362376582075437,,5.0,0.2649656555923328,0.148670618898192,0.2773988950965411,0.3647575948488948,-0.2992287922836159,30.58946988845706,4.0
RB_Natore_Singra_2019,rice_blast,Natore,Singra,24.5,89.133,Boro 2019,2019,2018-12-01,2019-03-15,0,9.0,3.0,20.0,5.0,,,,LBI=9% < 15% and NBI=3% < 8%,Mahmud et al. (2021) SAJBR 4(1):01-13,0.5833333333333333,14.82,61.24999999999999,0.3870900692840646,0.1962432640492686,57.02133333333334,90.2,20.15047619047619,1.1210991326135002,3.0,105,-7.914699205672794,-14.647973493746692,6,0.4489468058680737,-0.4013542115445027,23.024333510937524,4.0,0.0323729708372374,0.0058782656163138,0.0369888382201602,9.06139344262295,72.27,1105.49,9.33543253968254,-0.2740390970595889,87.2423770491803,92.92,28.846967213114752,0.523168942332999,90.0,122.0,-6.894573307027615,,5.0,0.1716841060101437,0.0873155657323586,0.1885664321405525,0.3650071753753766,-0.3067542974639145,25.740317571054717,4.0
RB_Natore_Baraigram_2017,rice_blast,Natore,Baraigram,24.3083,89.17,Boro 2017,2017,2016-12-01,2017-03-15,0,10.0,2.0,21.0,4.0,,,,LBI=10% < 15% and NBI=2% < 8%,Mahmud et al. (2021) SAJBR 4(1):01-13,0.4421904761904762,31.97,46.43,0.3919584295612009,0.0502320466292752,61.489999999999995,83.92,20.347809523809524,1.0317979851308163,1.0,105,,,0,0.5727233917974341,-0.5232436241934584,26.07677223898439,4.0,,,,10.422377049180328,53.65,1271.53,9.325305555555556,1.097071493624771,85.72532786885246,92.72,28.894098360655732,0.5972614486560016,80.0,122.0,-5.887995414441799,,5.0,0.045026074940868,0.0141446570145797,0.064840670937856,0.4696011444659787,-0.4189247370404532,32.631154929453146,3.0
RB_Natore_Baraigram_2018,rice_blast,Natore,Baraigram,24.3083,89.17,Boro 2018,2018,2017-12-01,2018-03-15,0,5.0,3.0,17.0,2.0,,,,LBI=5% < 15% and NBI=3% < 8%,Mahmud et al. (2021) SAJBR 4(1):01-13,0.8830476190476191,34.98,92.72,0.3870900692840646,0.4959575497635544,68.3404761904762,92.56,19.238,0.789210420290327,4.0,105,-6.353104825664746,-13.291980620743482,6,0.5392701246154318,-0.5038438544492283,27.83031997419924,4.0,0.0241943136894149,0.0060075913827326,0.0399342103687524,15.076803278688526,104.02,1839.37,9.33543253968254,5.741370739005987,88.50008196721312,94.75,28.63180327868853,0.4657330949836716,100.0,122.0,-6.171066411768,,5.0,0.0357153511964336,0.0097837253582264,0.0432021372649044,0.3594976909578089,-0.3145132372298986,25.50807245820313,4.0
RB_Natore_Baraigram_2019,rice_blast,Natore,Baraigram,24.3083,89.17,Boro 2019,2019,2018-12-01,2019-03-15,0,9.0,3.0,22.0,3.0,,,,LBI=9% < 15% and NBI=3% < 8%,Mahmud et al. (2021) SAJBR 4(1):01-13,0.5833333333333333,14.82,61.24999999999999,0.3870900692840646,0.1962432640492686,57.02133333333334,90.2,20.15047619047619,1.1210991326135002,3.0,105,-7.309433012508713,-13.922736122618767,6,0.5258604682340119,-0.4761334426073661,23.721502777812532,4.0,0.0255952082939436,0.0055500574162796,0.0332474503614322,9.06139344262295,72.27,1105.49,9.33543253968254,-0.2740390970595889,87.2423770491803,92.92,28.846967213114752,0.523168942332999,90.0,122.0,-6.095462446136806,,5.0,0.020733509791816,0.0059839609204701,0.0243831174274266,0.3780258606013889,-0.327740177366504,28.755244864765643,4.0
RB_Meherpur_Sadar_2017,rice_blast,Meherpur,Sadar,23.775,88.6417,Boro 2017,2017,2016-12-01,2017-03-15,1,18.0,2.0,10.0,4.0,,,,LBI=18% >= 15%,Mahmud et al. (2021) SAJBR 4(1):01-13,0.2645714285714285,19.24,27.78,0.3918429561200924,-0.1272715275486638,57.60838095238095,82.27,20.45638095238095,1.1575196615942382,1.0,105,-8.733617475302415,-15.415657170147108,6,0.4426011180437854,-0.4119428181235588,24.7028650533008,4.0,0.1925711178072991,0.1780681646715028,0.5240108384335643,10.218688524590169,68.47,1246.6800000000003,7.919170634920634,2.2995178896695334,85.48811475409835,94.17,28.815737704918035,0.6183971373046664,77.0,122.0,-6.427252890032676,,5.0,0.0537442330022321,0.042623574507545,0.0989458748718558,0.4148790105919657,-0.3805759925920066,34.08059568406251,4.0
RB_Meherpur_Sadar_2018,rice_blast,Meherpur,Sadar,23.775,88.6417,Boro 2018,2018,2017-12-01,2018-03-15,0,12.0,2.0,3.0,3.0,,,,LBI=12% < 15% and NBI=2% < 8%,Mahmud et al. (2021) SAJBR 4(1):01-13,0.7017142857142857,36.27,73.68,0.3846789838337182,0.3170353018805675,64.464,92.49,19.19647619047619,0.9062847634992202,4.0,105,-8.772233163682358,-15.352437479142074,6,0.5230538441239335,-0.486894281265044,26.80274099468751,4.0,0.2164346979680944,0.2054268938616167,0.6041178081949685,10.727377049180326,69.85,1308.7399999999998,7.926142857142856,2.8012341920374704,88.03286885245902,95.35,28.573934426229503,0.4917272578041147,99.0,122.0,-7.906274019006841,,5.0,0.2576168007118661,0.2460419382280701,0.6113025358864708,0.518740744578592,-0.4655085759527022,35.912258305390665,4.0
RB_Meherpur_Sadar_2019,rice_blast,Meherpur,Sadar,23.775,88.6417,Boro 2019,2019,2018-12-01,2019-03-15,1,15.0,2.0,9.0,2.0,,,,LBI=15% >= 15%,Mahmud et al. (2021) SAJBR 4(1):01-13,0.7300000000000001,16.92,76.65,0.3846789838337182,0.3453210161662818,52.1924761904762,89.89,20.27819047619048,1.2481952420010576,4.0,105,-7.378339101214209,-13.96266324568974,6,0.4581791102399365,-0.4143763734010317,23.611625451289072,4.0,0.0236546786721008,0.0062850985085566,0.0493445941800781,7.736557377049181,53.05,943.86,7.926142857142856,-0.1895854800936751,86.49770491803278,93.33,28.81877049180328,0.5643290992250011,70.0,122.0,-6.7872367674018275,,5.0,0.0174649918035834,0.0071642369697725,0.0220433360559209,0.228898481093501,-0.2104715198790491,33.85391598007815,4.0
RB_Meherpur_Mujibnagar_2017,rice_blast,Meherpur,Mujibnagar,23.65,88.6,Boro 2017,2017,2016-12-01,2017-03-15,1,15.0,1.0,9.0,3.0,,,,LBI=15% >= 15%,Mahmud et al. (2021) SAJBR 4(1):01-13,0.3175238095238095,23.18,33.339999999999996,0.463122401847575,-0.1455985923237655,57.43123809523809,82.52,20.66238095238095,1.1859151188857266,1.0,105,-10.670312380960684,-17.05705352214018,6,0.4688520720229289,-0.4327451664567247,24.231018073613285,4.0,0.2885370138074406,0.2771500624694799,0.8257242009132421,11.459262295081968,99.0,1398.03,8.32120634920635,3.1380559458756174,87.01368852459015,94.92,28.52672131147541,0.5383310276653933,89.0,122.0,-7.3171810519861396,,5.0,0.1760092391115224,0.136009948661718,0.3370049422663504,0.3774271375992589,-0.3479273829293032,32.05764410750002,3.0
RB_Meherpur_Mujibnagar_2018,rice_blast,Meherpur,Mujibnagar,23.65,88.6,Boro 2018,2018,2017-12-01,2018-03-15,0,11.0,2.0,6.0,6.0,,,,LBI=11% < 15% and NBI=2% < 8%,Mahmud et al. (2021) SAJBR 4(1):01-13,0.6887619047619048,35.38,72.32000000000001,0.453621247113164,0.2351406576487408,64.7287619047619,91.82,19.367428571428572,0.9176787949612514,4.0,105,-9.585344759725537,-16.086852850298964,6,0.4698198367931965,-0.4328519853446078,24.853835391757823,4.0,0.1671665342494412,0.1560787024088981,0.9079238010095234,11.833524590163933,112.97,1443.6899999999998,8.32786111111111,3.5056634790528225,88.64795081967212,95.22,28.43040983606557,0.4622182289569602,101.0,122.0,-11.255184580329711,,5.0,0.4120881722931033,0.3806353496273982,0.9107925255872216,0.4265788634034306,-0.3567406822683836,33.25343484406253,4.0
RB_Meherpur_Mujibnagar_2019,rice_blast,Meherpur,Mujibnagar,23.65,88.6,Boro 2019,2019,2018-12-01,2019-03-15,1,16.0,2.0,12.0,4.0,,,,LBI=16% >= 15%,Mahmud et al. (2021) SAJBR 4(1):01-13,1.0411428571428571,28.39,109.32,0.453621247113164,0.5875216100296932,53.13885714285714,89.17,20.363619047619046,1.2354144677909662,4.0,105,-7.698085869967744,-14.283931755086597,6,0.4622587378852647,-0.4301890365929477,24.788933066679704,4.0,0.0294737192002101,0.0163040356428841,0.0657939540690855,8.404590163934426,54.96,1025.36,8.32786111111111,0.0767290528233157,87.2034426229508,93.74,28.64131147540984,0.5299818093202189,76.0,122.0,-7.636850027921928,,5.0,0.0358896057929232,0.0158940934013182,0.0572934232715008,0.3041947178232976,-0.2662871381871067,29.46750593609376,4.0
RB_Meherpur_Gangni_2017,rice_blast,Meherpur,Gangni,23.817,88.755,Boro 2017,2017,2016-12-01,2017-03-15,0,12.0,2.0,10.0,2.0,,,,LBI=12% < 15% and NBI=2% < 8%,Mahmud et al. (2021) SAJBR 4(1):01-13,0.2645714285714285,19.24,27.78,0.3918429561200924,-0.1272715275486638,57.60838095238095,82.27,20.45638095238095,1.1575196615942382,1.0,105,-7.97525149999717,-14.720733632956517,6,0.4550067525106505,-0.4185442952132642,24.67297072994141,4.0,0.0383467370230863,0.015358799821306,0.0575581607261564,10.218688524590169,68.47,1246.6800000000003,7.919170634920634,2.2995178896695334,85.48811475409835,94.17,28.815737704918035,0.6183971373046664,77.0,122.0,-6.611865733004445,,5.0,0.0319940238626723,0.0107960551688785,0.0525362645499974,0.403937385421662,-0.3679505104372358,20.83579766893556,4.0
RB_Meherpur_Gangni_2018,rice_blast,Meherpur,Gangni,23.817,88.755,Boro 2018,2018,2017-12-01,2018-03-15,0,9.0,7.0,7.0,2.0,,,,LBI=9% < 15% and NBI=7% < 8%,Mahmud et al. (2021) SAJBR 4(1):01-13,0.7017142857142857,36.27,73.68,0.3846789838337182,0.3170353018805675,64.464,92.49,19.19647619047619,0.9062847634992202,4.0,105,-7.83073011309433,-14.414195573909277,6,0.5011106122490157,-0.4653968764042182,26.75757239445315,4.0,0.0331532415446046,0.012893249262709,0.0597004258181534,10.727377049180326,69.85,1308.7399999999998,7.926142857142856,2.8012341920374704,88.03286885245902,95.35,28.573934426229503,0.4917272578041147,99.0,122.0,-7.21910632910591,,5.0,0.0325851328685775,0.0143093157203464,0.0553322154986655,0.5339660095659724,-0.4713291831870966,35.22241908921875,4.0
RB_Meherpur_Gangni_2019,rice_blast,Meherpur,Gangni,23.817,88.755,Boro 2019,2019,2018-12-01,2019-03-15,0,13.0,7.0,11.0,1.0,,,,LBI=13% < 15% and NBI=7% < 8%,Mahmud et al. (2021) SAJBR 4(1):01-13,0.7300000000000001,16.92,76.65,0.3846789838337182,0.3453210161662818,52.1924761904762,89.89,20.27819047619048,1.2481952420010576,4.0,105,-7.934599180533194,-14.352128721073065,6,0.4425259192674029,-0.4020029027898191,23.644547259160177,4.0,0.0376820213940202,0.0063863840020064,0.0724614704638917,7.736557377049181,53.05,943.86,7.926142857142856,-0.1895854800936751,86.49770491803278,93.33,28.81877049180328,0.5643290992250011,70.0,122.0,-7.572663324039216,,5.0,0.020189457308163,0.0046789017079016,0.0297282975327825,0.251135064437561,-0.2247646060801792,33.294050534843755,4.0
RB_Rajbari_Pangsha_2017,rice_blast,Rajbari,Pangsha,23.7917,89.417,Boro 2017,2017,2016-12-01,2017-03-15,0,9.0,3.0,8.0,2.0,,,,LBI=9% < 15% and NBI=3% < 8%,Mahmud et al. (2021) SAJBR 4(1):01-13,0.5485714285714286,39.21,57.6,0.4496535796766743,0.0989178488947542,60.73838095238096,84.5,20.610952380952376,1.0730014760065971,1.0,105,-8.01939322303807,-14.22647717400527,6,0.4018036965148207,-0.390397959546426,27.123934737382825,4.0,0.0640315965886283,0.0264099015983556,0.09453910841299,11.475819672131143,85.72,1400.0499999999995,9.042551587301586,2.4332680848295585,87.36229508196722,94.5,28.584098360655737,0.517979864728157,94.0,122.0,-7.219771989373998,,5.0,0.1217140207156199,0.0385196753999969,0.21294194743648,0.3562238567889683,-0.3274272533387236,35.32592990843752,4.0
RB_Rajbari_Pangsha_2018,rice_blast,Rajbari,Pangsha,23.7917,89.417,Boro 2018,2018,2017-12-01,2018-03-15,0,4.0,6.0,2.0,3.0,,,,LBI=4% < 15% and NBI=6% < 8%,Mahmud et al. (2021) SAJBR 4(1):01-13,0.9983809523809524,46.59,104.83,0.4413995381062356,0.5569814142747167,67.56657142857144,92.78,19.45695238095238,0.8294300175828115,4.0,105,-8.049476540381503,-14.322934580114586,6,0.3939711491293329,-0.3875322511021166,28.98340771349612,4.0,0.073626518922545,0.0290804640878077,0.1409855224006827,15.609180327868852,111.02,1904.32,9.05413492063492,6.555045407233932,89.57155737704919,95.57,28.38868852459016,0.4157287841346494,110.0,122.0,-7.005589491010674,,5.0,0.1051338151842728,0.0553141625874719,0.2082238448035481,0.4066137425628133,-0.3301378330186184,33.327135900312534,4.0
RB_Rajbari_Pangsha_2019,rice_blast,Rajbari,Pangsha,23.7917,89.417,Boro 2019,2019,2018-12-01,2019-03-15,1,11.0,8.0,7.0,2.0,,,,NBI=8% >= 8%,Mahmud et al. (2021) SAJBR 4(1):01-13,0.8494285714285713,19.56,89.18999999999998,0.4413995381062356,0.4080290333223357,55.929142857142864,90.28,20.39257142857143,1.159150841517347,4.0,105,-7.764803493506519,-14.248433093841072,6,0.3287424881690898,-0.307751044108341,24.904050912148463,4.0,0.0667034122994431,0.0280103448428511,0.1211675943635702,9.417540983606555,64.38,1148.9399999999998,9.05413492063492,0.3634060629716344,88.28188524590163,93.29,28.607704918032788,0.4741517257386432,98.0,122.0,-7.426873167024567,,5.0,0.1117307865663318,0.060750843079743,0.1944516653872855,0.3842238110905864,-0.3394167323893781,25.18891150279299,4.0
RB_Rajbari_Sadar_2017,rice_blast,Rajbari,Sadar,23.755,89.65,Boro 2017,2017,2016-12-01,2017-03-15,0,11.0,3.0,7.0,1.0,,,,LBI=11% < 15% and NBI=3% < 8%,Mahmud et al. (2021) SAJBR 4(1):01-13,0.5485714285714286,39.21,57.6,0.4496535796766743,0.0989178488947542,60.73838095238096,84.5,20.610952380952376,1.0730014760065971,1.0,105,-20.286359209168157,-27.08086432383753,6,0.400396760247048,-0.3878515628365693,28.5226926641797,4.0,0.4247142780144636,0.3831667354071075,1.0,11.475819672131143,85.72,1400.0499999999995,9.042551587301586,2.4332680848295585,87.36229508196722,94.5,28.584098360655737,0.517979864728157,94.0,122.0,-7.165676701453293,,5.0,0.1464747870999189,0.0515426760966053,0.2059887375036909,0.2290898692793722,-0.2093299256075678,31.47708361929689,4.0
RB_Rajbari_Sadar_2018,rice_blast,Rajbari,Sadar,23.755,89.65,Boro 2018,2018,2017-12-01,2018-03-15,0,9.0,5.0,4.0,1.0,,,,LBI=9% < 15% and NBI=5% < 8%,Mahmud et al. (2021) SAJBR 4(1):01-13,0.9983809523809524,46.59,104.83,0.4413995381062356,0.5569814142747167,67.56657142857144,92.78,19.45695238095238,0.8294300175828115,4.0,105,-20.312166909368063,-27.085705516934357,6,0.4253564912770386,-0.4041846954757743,28.080175901035176,4.0,0.441387226772582,0.4036346469817438,1.0,15.609180327868852,111.02,1904.32,9.05413492063492,6.555045407233932,89.57155737704919,95.57,28.38868852459016,0.4157287841346494,110.0,122.0,-22.09170533703448,,5.0,0.5199920759604282,0.4657672772327926,1.0,0.3355611891046091,-0.2803645583788492,31.953034003203147,4.0
RB_Rajbari_Sadar_2019,rice_blast,Rajbari,Sadar,23.755,89.65,Boro 2019,2019,2018-12-01,2019-03-15,0,14.0,7.0,6.0,2.0,,,,LBI=14% < 15% and NBI=7% < 8%,Mahmud et al. (2021) SAJBR 4(1):01-13,0.8494285714285713,19.56,89.18999999999998,0.4413995381062356,0.4080290333223357,55.929142857142864,90.28,20.39257142857143,1.159150841517347,4.0,105,-7.056023510964985,-14.287754198193388,6,0.3433861343130172,-0.3133276762924781,23.944929132031262,4.0,0.1614521988998167,0.1025031738505245,0.3372211167719881,9.417540983606555,64.38,1148.9399999999998,9.05413492063492,0.3634060629716344,88.28188524590163,93.29,28.607704918032788,0.4741517257386432,98.0,122.0,-7.242505779315101,,5.0,0.2024584208802692,0.128791434190801,0.4147640957427477,0.3782851135957459,-0.3360091887444886,31.00304697054689,4.0
RB_Rajbari_Kalukhali_2017,rice_blast,Rajbari,Kalukhali,23.7621,89.4994,Boro 2017,2017,2016-12-01,2017-03-15,0,13.0,4.0,8.0,3.0,,,,LBI=13% < 15% and NBI=4% < 8%,Mahmud et al. (2021) SAJBR 4(1):01-13,0.5485714285714286,39.21,57.6,0.4496535796766743,0.0989178488947542,60.73838095238096,84.5,20.610952380952376,1.0730014760065971,1.0,105,-8.022089685737669,-14.270763539984404,6,0.4073063846920191,-0.3965638153255878,27.26591942169924,4.0,0.0746851153265682,0.0372409942582026,0.1218509681866777,11.475819672131143,85.72,1400.0499999999995,9.042551587301586,2.4332680848295585,87.36229508196722,94.5,28.584098360655737,0.517979864728157,94.0,122.0,-7.464995646513006,,5.0,0.1810123309466985,0.0747292807337732,0.2892724273480275,0.1955531476791188,-0.178785890506948,33.3490904480469,4.0
RB_Rajbari_Kalukhali_2018,rice_blast,Rajbari,Kalukhali,23.7621,89.4994,Boro 2018,2018,2017-12-01,2018-03-15,0,7.0,6.0,6.0,2.0,,,,LBI=7% < 15% and NBI=6% < 8%,Mahmud et al. (2021) SAJBR 4(1):01-13,0.9983809523809524,46.59,104.83,0.4413995381062356,0.5569814142747167,67.56657142857144,92.78,19.45695238095238,0.8294300175828115,4.0,105,-8.400798594577223,-14.684702372091358,6,0.4304965441807835,-0.4187771227844167,27.432197416132823,4.0,0.1376774588934642,0.0726576933786736,0.320117758802376,15.609180327868852,111.02,1904.32,9.05413492063492,6.555045407233932,89.57155737704919,95.57,28.38868852459016,0.4157287841346494,110.0,122.0,-7.57119050678254,,5.0,0.2073573800136071,0.1130966944798416,0.3826926241807603,0.3873509253785551,-0.3146284221017851,33.98259909242188,4.0
RB_Rajbari_Kalukhali_2019,rice_blast,Rajbari,Kalukhali,23.7621,89.4994,Boro 2019,2019,2018-12-01,2019-03-15,1,15.0,7.0,9.0,1.0,,,,LBI=15% >= 15%,Mahmud et al. (2021) SAJBR 4(1):01-13,0.8494285714285713,19.56,89.18999999999998,0.4413995381062356,0.4080290333223357,55.929142857142864,90.28,20.39257142857143,1.159150841517347,4.0,105,-8.012654541603895,-14.57606716636415,6,0.3744245091930205,-0.349695435751397,22.73946624447268,4.0,0.1334654471422373,0.0907416222928028,0.3554212842320284,9.417540983606555,64.38,1148.9399999999998,9.05413492063492,0.3634060629716344,88.28188524590163,93.29,28.607704918032788,0.4741517257386432,98.0,122.0,-8.074730665989367,,5.0,0.2295395187865111,0.1506296980572089,0.5071068339162257,0.3023169350215354,-0.2700046945160975,26.88245362712891,4.0
RB_Mymensingh_Sadar_2017,rice_blast,Mymensingh,Sadar,24.75,90.417,Boro 2017,2017,2016-12-01,2017-03-15,1,15.0,1.0,10.0,9.0,,,,LBI=15% >= 15%,Mahmud et al. (2021) SAJBR 4(1):01-13,1.3511428571428572,49.33,141.87,0.5969699769053118,0.7541728802375454,62.57533333333333,86.58,20.672380952380948,0.9842784061198252,3.0,105,-5.286171655696855,-12.96219966031901,6,0.3753603701470669,-0.3594570051631881,25.585305023398465,4.0,0.0194935077366778,0.005753855864305,0.0292561235099474,17.488524590163934,98.45,2133.6,14.56175,2.9267745901639337,89.56901639344262,95.6,28.103032786885247,0.4090132950194297,108.0,122.0,-4.955811988747721,,5.0,0.0539276900583225,0.020313690259949,0.1205106041815425,0.3575953695182484,-0.3158021914853426,23.584334697851578,3.0
RB_Mymensingh_Sadar_2018,rice_blast,Mymensingh,Sadar,24.75,90.417,Boro 2018,2018,2017-12-01,2018-03-15,0,8.0,1.0,6.0,7.0,,,,LBI=8% < 15% and NBI=1% < 8%,Mahmud et al. (2021) SAJBR 4(1):01-13,1.1872380952380954,41.13,124.66,0.5908036951501154,0.59643440008798,70.76790476190476,93.53,19.503714285714285,0.7287393325929751,6.0,105,-4.645900052119363,-12.644576194725389,6,0.4062679678434503,-0.365531970135214,26.043156145800793,4.0,0.0295709909186552,0.00940983289061,0.0446590752502286,27.49032786885246,192.37,3353.82,14.597619047619048,12.892708821233413,90.52352459016394,95.91,28.02696721311476,0.3683210217492759,112.0,122.0,-4.247246541099744,,5.0,0.0411035292391224,0.0131374573706115,0.0491551074436564,0.4121776281204322,-0.3733375750135216,31.562660959882805,2.0
RB_Mymensingh_Sadar_2019,rice_blast,Mymensingh,Sadar,24.75,90.417,Boro 2019,2019,2018-12-01,2019-03-15,0,14.0,2.0,9.0,4.0,,,,LBI=14% < 15% and NBI=2% < 8%,Mahmud et al. (2021) SAJBR 4(1):01-13,0.7733333333333332,21.09,81.19999999999999,0.5908036951501154,0.1825296381832177,58.78095238095238,92.84,19.98314285714285,1.0385969294456676,2.0,105,,,0,0.4007406449973537,-0.3929460524259404,24.78685354865236,4.0,,,,16.619098360655737,74.13,2027.53,14.597619047619048,2.0214793130366893,89.44639344262296,94.98,28.231967213114757,0.4156337721280677,103.0,122.0,-4.192520135850679,,5.0,0.0337540645932543,0.011107472289779,0.0383161920987468,0.3550569484438588,-0.3302581023924602,30.019077787226593,2.0
RB_Mymensingh_Ishwarganj_2017,rice_blast,Mymensingh,Ishwarganj,24.65,90.5,Boro 2017,2017,2016-12-01,2017-03-15,0,8.0,2.0,6.0,8.0,,,,LBI=8% < 15% and NBI=2% < 8%,Mahmud et al. (2021) SAJBR 4(1):01-13,1.342,59.69,140.91,0.6157921478060047,0.7262078521939952,63.784952380952376,86.52,20.75895238095238,0.9753409278699248,3.0,105,-6.060965447196853,-13.677301043981736,6,0.3657717725856957,-0.353085614395538,26.16540710527346,4.0,0.0253487124068405,0.0077745121333648,0.0364784064262551,14.672295081967214,62.69,1790.02,12.99424603174603,1.6780490502211831,89.08377049180329,94.42,28.38950819672131,0.4372173011129019,115.0,122.0,-6.23937628730834,,5.0,0.0601773715202659,0.0243568252694719,0.1387111910254022,0.283425121225412,-0.2481475298609319,19.17928131300783,3.0
RB_Mymensingh_Ishwarganj_2018,rice_blast,Mymensingh,Ishwarganj,24.65,90.5,Boro 2018,2018,2017-12-01,2018-03-15,0,5.0,3.0,4.0,9.0,,,,LBI=5% < 15% and NBI=3% < 8%,Mahmud et al. (2021) SAJBR 4(1):01-13,1.5272380952380953,54.27,160.36,0.6072979214780599,0.9199401737600352,72.56161904761905,93.84,19.482380952380954,0.7010923926416558,6.0,105,-6.002041753207878,-13.731433382614748,6,0.388534364002574,-0.3536826852348647,26.15922195775391,4.0,0.0347879883407914,0.0107483328637174,0.0589543008056697,26.345819672131153,162.61,3214.1900000000005,13.025936507936509,13.319883164194644,90.42213114754098,95.51,28.28844262295082,0.3778753797936484,116.0,122.0,-5.85354531810242,,5.0,0.0425825369762788,0.0188853627901867,0.0510796786872406,0.5256175964937055,-0.4732478430226546,33.01869074914063,2.0
RB_Mymensingh_Ishwarganj_2019,rice_blast,Mymensingh,Ishwarganj,24.65,90.5,Boro 2019,2019,2018-12-01,2019-03-15,0,13.0,3.0,13.0,6.0,,,,LBI=13% < 15% and NBI=3% < 8%,Mahmud et al. (2021) SAJBR 4(1):01-13,0.9807619047619046,23.18,102.98,0.6072979214780599,0.3734639832838446,59.55504761904761,91.48,20.1407619047619,1.0429040107222696,3.0,105,-5.897842085832885,-13.835816162257087,6,0.3867388459210392,-0.3864278241714678,25.088720791542997,4.0,0.0293867095529416,0.0083360793921419,0.0526789594586204,14.39860655737705,68.84,1756.63,13.025936507936509,1.3726700494405415,89.21008196721311,94.05,28.484836065573766,0.431783779465083,112.0,122.0,-5.901199103750079,,5.0,0.03788928368459,0.015892755658075,0.0442491558854009,0.4578252425371673,-0.4150018477134146,26.004713434531254,2.0
RB_Mymensingh_Gauripur_2017,rice_blast,Mymensingh,Gauripur,24.7583,90.575,Boro 2017,2017,2016-12-01,2017-03-15,0,11.0,2.0,15.0,5.0,,,,LBI=11% < 15% and NBI=2% < 8%,Mahmud et al. (2021) SAJBR 4(1):01-13,1.3511428571428572,49.33,141.87,0.5969699769053118,0.7541728802375454,62.57533333333333,86.58,20.672380952380948,0.9842784061198252,3.0,105,-6.412471146984156,-13.680744884165744,6,0.3779742096779583,-0.358622544447521,25.223929518242187,4.0,0.0184872730345538,0.0023386613637477,0.0571891341183279,17.488524590163934,98.45,2133.6,14.56175,2.9267745901639337,89.56901639344262,95.6,28.103032786885247,0.4090132950194297,108.0,122.0,-6.411180545460589,,5.0,0.0483251202663257,0.0122687795434244,0.1474878298729236,0.3406325210924326,-0.2936581735889923,27.42837217109377,3.0
RB_Mymensingh_Gauripur_2018,rice_blast,Mymensingh,Gauripur,24.7583,90.575,Boro 2018,2018,2017-12-01,2018-03-15,0,7.0,3.0,9.0,4.0,,,,LBI=7% < 15% and NBI=3% < 8%,Mahmud et al. (2021) SAJBR 4(1):01-13,1.1872380952380954,41.13,124.66,0.5908036951501154,0.59643440008798,70.76790476190476,93.53,19.503714285714285,0.7287393325929751,6.0,105,-6.208744155951436,-13.799558432484964,6,0.4260977034156561,-0.3854617653433742,25.63704930664063,4.0,0.0162483602764182,0.0020167952337505,0.0478273139384576,27.49032786885246,192.37,3353.82,14.597619047619048,12.892708821233413,90.52352459016394,95.91,28.02696721311476,0.3683210217492759,112.0,122.0,-5.9328616189381265,,5.0,0.0344609210672642,0.009926710185359,0.0455893976698885,0.3625356682081743,-0.3225529509698861,31.91820179808593,2.0
RB_Mymensingh_Gauripur_2019,rice_blast,Mymensingh,Gauripur,24.7583,90.575,Boro 2019,2019,2018-12-01,2019-03-15,0,12.0,4.0,14.0,3.0,,,,LBI=12% < 15% and NBI=4% < 8%,Mahmud et al. (2021) SAJBR 4(1):01-13,0.7733333333333332,21.09,81.19999999999999,0.5908036951501154,0.1825296381832177,58.78095238095238,92.84,19.98314285714285,1.0385969294456676,2.0,105,-6.065867360039881,-13.92853345607868,6,0.371984078163308,-0.3778809560599409,24.7446590263672,4.0,0.0136594803825084,0.0015833222722991,0.0368434080421491,16.619098360655737,74.13,2027.53,14.597619047619048,2.0214793130366893,89.44639344262296,94.98,28.231967213114757,0.4156337721280677,103.0,122.0,-5.942731848406773,,5.0,0.0183297479638728,0.0041599054849575,0.0274642489438207,0.408377872844457,-0.3749172049464351,24.583531427304703,2.0
RB_Jashore_Jhikargachha_2017,rice_blast,Jashore,Jhikargachha,23.1,89.133,Boro 2017,2017,2016-12-01,2017-03-15,0,12.0,1.0,9.0,2.0,,,,LBI=12% < 15% and NBI=1% < 8%,Mahmud et al. (2021) SAJBR 4(1):01-13,0.883904761904762,59.85,92.81,0.5731177829099307,0.3107869789948313,61.66504761904762,86.4,20.69485714285715,1.0695900396220113,2.0,105,,,0,0.3646829919064073,-0.3468049373167106,24.117485735468776,4.0,,,,15.420491803278688,244.27,1881.3,9.924047619047618,5.49644418423107,89.41049180327867,95.34,28.180983606557376,0.4207652862232475,112.0,122.0,-6.787216572303748,,5.0,0.044865350335205,0.0123720654325984,0.0933147408795633,0.1162227018044178,-0.1055029286013444,20.92183285953128,3.0
RB_Jashore_Jhikargachha_2018,rice_blast,Jashore,Jhikargachha,23.1,89.133,Boro 2018,2018,2017-12-01,2018-03-15,0,8.0,1.0,5.0,2.0,,,,LBI=8% < 15% and NBI=1% < 8%,Mahmud et al. (2021) SAJBR 4(1):01-13,0.9354285714285714,38.47,98.22,0.5574688221709008,0.3779597492576706,67.13533333333334,93.07,19.796190476190475,0.8945613339505092,5.0,105,,,0,0.4822559030980555,-0.4452877961594202,23.952028866933617,4.0,,,,18.287295081967216,194.61,2231.05,9.93352380952381,8.353771272443405,90.63377049180328,94.99,28.144262295081965,0.3688279538714428,114.0,122.0,-7.137310727898688,,5.0,0.0171391753343283,0.0031137604961474,0.023096725338697,0.4812481096371512,-0.409364528463254,33.41721051851563,4.0
RB_Jashore_Jhikargachha_2019,rice_blast,Jashore,Jhikargachha,23.1,89.133,Boro 2019,2019,2018-12-01,2019-03-15,0,14.0,2.0,8.0,1.0,,,,LBI=14% < 15% and NBI=2% < 8%,Mahmud et al. (2021) SAJBR 4(1):01-13,1.508857142857143,35.76,158.43,0.5574688221709008,0.951388320686242,55.485142857142854,87.08,20.62580952380952,1.187506741961728,4.0,105,,,0,0.3911843373818554,-0.3895619656991316,25.444144802890634,4.0,,,,11.3277868852459,60.64,1381.9899999999998,9.93352380952381,1.3942630757220886,89.45327868852459,95.29,28.335737704918028,0.4213878895248184,106.0,122.0,-7.524649602910389,,5.0,0.0159486163541077,0.0035266223372164,0.0215305132004638,0.3271063934457825,-0.2850266419837627,32.34050306468752,4.0
RB_Jashore_Sadar_2017,rice_blast,Jashore,Sadar,23.1683,89.205,Boro 2017,2017,2016-12-01,2017-03-15,0,8.0,1.0,7.0,3.0,,,,LBI=8% < 15% and NBI=1% < 8%,Mahmud et al. (2021) SAJBR 4(1):01-13,0.883904761904762,59.85,92.81,0.5731177829099307,0.3107869789948313,61.66504761904762,86.4,20.69485714285715,1.0695900396220113,2.0,105,-6.62381290135854,-13.733328306054249,6,0.3456305173109237,-0.3295484991209239,24.375576286660163,4.0,0.0224867980978709,0.0110269478941148,0.0324593204620183,15.420491803278688,244.27,1881.3,9.924047619047618,5.49644418423107,89.41049180327867,95.34,28.180983606557376,0.4207652862232475,112.0,122.0,-6.345639037178507,,5.0,0.0372129009132062,0.0185807249571052,0.0581486386424376,0.0288940808103067,-0.0241043090318293,10.313883174218764,3.0
RB_Jashore_Sadar_2018,rice_blast,Jashore,Sadar,23.1683,89.205,Boro 2018,2018,2017-12-01,2018-03-15,0,4.0,2.0,5.0,5.0,,,,LBI=4% < 15% and NBI=2% < 8%,Mahmud et al. (2021) SAJBR 4(1):01-13,0.9354285714285714,38.47,98.22,0.5574688221709008,0.3779597492576706,67.13533333333334,93.07,19.796190476190475,0.8945613339505092,5.0,105,-6.664608157678241,-13.86894880592729,6,0.4668870075109257,-0.4305032859680887,24.43346900041017,4.0,0.018956812313166,0.006402996358613,0.0206063960961053,18.287295081967216,194.61,2231.05,9.93352380952381,8.353771272443405,90.63377049180328,94.99,28.144262295081965,0.3688279538714428,114.0,122.0,-6.458339608602786,,5.0,0.055889282022489,0.040448873921847,0.1087171117575055,0.4875075896088648,-0.4107348449854933,34.64970714042971,4.0
RB_Jashore_Sadar_2019,rice_blast,Jashore,Sadar,23.1683,89.205,Boro 2019,2019,2018-12-01,2019-03-15,0,5.0,3.0,14.0,4.0,,,,LBI=5% < 15% and NBI=3% < 8%,Mahmud et al. (2021) SAJBR 4(1):01-13,1.508857142857143,35.76,158.43,0.5574688221709008,0.951388320686242,55.485142857142854,87.08,20.62580952380952,1.187506741961728,4.0,105,-6.138718844810409,-13.82917057564049,6,0.3798631348927831,-0.3736268393624544,25.382590401699233,4.0,0.0311708940532258,0.007694964715482,0.0504831164634972,11.3277868852459,60.64,1381.9899999999998,9.93352380952381,1.3942630757220886,89.45327868852459,95.29,28.335737704918028,0.4213878895248184,106.0,122.0,-6.591986768202688,,5.0,0.0199529872818228,0.0059438774795819,0.0238754802061233,0.2915390712585167,-0.2511039052013551,30.996971974062507,4.0
RB_Jashore_Manirampur_2017,rice_blast,Jashore,Manirampur,23.017,89.233,Boro 2017,2017,2016-12-01,2017-03-15,0,5.0,2.0,4.0,1.0,,,,LBI=5% < 15% and NBI=2% < 8%,Mahmud et al. (2021) SAJBR 4(1):01-13,0.883904761904762,59.85,92.81,0.5731177829099307,0.3107869789948313,61.66504761904762,86.4,20.69485714285715,1.0695900396220113,2.0,105,-7.319271197333677,-13.84913827275762,4,0.3804685097460047,-0.3486856258816923,23.899470133613303,4.0,0.0295546295066441,0.0144284334036343,0.0542273428010179,15.420491803278688,244.27,1881.3,9.924047619047618,5.49644418423107,89.41049180327867,95.34,28.180983606557376,0.4207652862232475,112.0,122.0,-7.842544050351719,,5.0,0.238709856588468,0.1048229878072197,0.3933314847406217,0.1774075132868503,-0.1603541988788656,21.50795208078125,3.0
RB_Jashore_Manirampur_2018,rice_blast,Jashore,Manirampur,23.017,89.233,Boro 2018,2018,2017-12-01,2018-03-15,0,3.0,2.0,2.0,1.0,,,,LBI=3% < 15% and NBI=2% < 8%,Mahmud et al. (2021) SAJBR 4(1):01-13,0.9354285714285714,38.47,98.22,0.5574688221709008,0.3779597492576706,67.13533333333334,93.07,19.796190476190475,0.8945613339505092,5.0,105,-7.174699681921381,-14.062301537312804,6,0.4836894648782754,-0.4366664944314952,23.810344594531244,4.0,0.0315577048212284,0.0154792993037181,0.0315577048212284,18.287295081967216,194.61,2231.05,9.93352380952381,8.353771272443405,90.63377049180328,94.99,28.144262295081965,0.3688279538714428,114.0,122.0,-7.687173605908152,,5.0,0.134818942298787,0.0719240518918477,0.2562398178573132,0.4526546830368233,-0.3727097517529478,31.78973564990237,4.0
RB_Jashore_Manirampur_2019,rice_blast,Jashore,Manirampur,23.017,89.233,Boro 2019,2019,2018-12-01,2019-03-15,0,4.0,3.0,6.0,2.0,,,,LBI=4% < 15% and NBI=3% < 8%,Mahmud et al. (2021) SAJBR 4(1):01-13,1.508857142857143,35.76,158.43,0.5574688221709008,0.951388320686242,55.485142857142854,87.08,20.62580952380952,1.187506741961728,4.0,105,-6.8025003624202265,-14.119105614123772,6,0.3958790770559742,-0.3849920794185149,25.1911846196094,4.0,0.025097372116826,0.0086720615062606,0.0400100985708326,11.3277868852459,60.64,1381.9899999999998,9.93352380952381,1.3942630757220886,89.45327868852459,95.29,28.335737704918028,0.4213878895248184,106.0,122.0,-7.40511682394231,,5.0,0.0471897100715639,0.0182882521733936,0.0883176936188785,0.3649173945043306,-0.3187109944729058,24.79937738755862,4.0
WB_Meherpur_2016,wheat_blast,Meherpur,,,,2015-16,2016,2015-12-01,2016-02-28,1,,,,,70.0,30.0,9640.0,Highest infection; 62% of national affected area,Islam et al. (2016) BMC Biology 14:84,0.533888888888889,19.94,48.05000000000001,0.3340107238605898,0.1998781650282991,51.346333333333334,82.04,20.73966666666667,1.2740110318902618,1.0,90,-7.530874795450722,-14.27102614160784,3,0.4668407424423768,-0.3943464028672112,22.875192347246113,4.0,0.0445043836858306,0.0305911346934261,0.1623441612197743,9.038934426229508,62.87,1102.75,7.926142857142856,1.112791569086652,84.48426229508196,93.99,28.933360655737705,0.6676092811578007,68.0,122.0,-5.49824352630937,,5.0,0.0454711654159365,0.0326242680686102,0.1336568224628501,0.5049307841496392,-0.4817123363578105,36.75191628101564,4.0
WB_Chuadanga_2016,wheat_blast,Chuadanga,,,,2015-16,2016,2015-12-01,2016-02-28,1,,,,,44.0,36.0,unknown,2nd highest infection,Islam et al. (2016) BMC Biology 14:84,0.6444444444444445,14.25,58.0,0.3954584450402145,0.24898599940423,53.44266666666666,76.33,20.97155555555556,1.2441721084541577,1.0,90,-6.19325838369209,-13.090561974114134,4,0.5381468718377477,-0.4522522226917974,22.32444941046877,3.0,0.0131974753541483,0.0032639465115373,0.0206986211503494,10.133278688524593,77.74,1236.26,8.32786111111111,1.8054175774134809,85.29770491803279,95.21,28.769098360655736,0.6297353957925169,80.0,122.0,-5.227093942112913,,5.0,0.0152804320235632,0.0034447928909463,0.0327233403928358,0.5269257616989648,-0.4867568215778619,26.406548861328133,3.0
WB_Jessore_2016,wheat_blast,Jessore,,,,2015-16,2016,2015-12-01,2016-02-28,1,,,,,37.0,25.0,unknown,3rd highest infection,Islam et al. (2016) BMC Biology 14:84,0.7243333333333332,21.67,65.18999999999998,0.4795442359249329,0.2447890974084002,55.131,76.36,21.337777777777777,1.2345399707257698,3.0,90,-6.856519374854081,-15.004035691814137,6,0.3708774052894348,-0.3430908462106883,24.8268517260547,4.0,0.0330729509642141,0.0139480181931327,0.0540788714057299,12.398524590163934,107.58,1512.62,9.93352380952381,2.465000780640123,86.98229508196721,95.52,28.521885245901643,0.5444573684046596,88.0,122.0,-5.338308374101361,,5.0,0.0262238155235213,0.0074403940493168,0.0506773690751663,0.478032043031682,-0.4414738458387333,35.93022071257813,3.0
WB_Jhenaidah_2016,wheat_blast,Jhenaidah,,,,2015-16,2016,2015-12-01,2016-02-28,1,,,,,8.0,51.0,unknown,Highest yield loss (51%),Islam et al. (2016) BMC Biology 14:84,0.5898888888888889,16.28,53.09,0.4295710455764076,0.1603178433124813,54.500888888888895,74.01,21.031444444444443,1.219134930673346,2.0,90,-7.777960840552709,-15.900638358778648,6,0.317489689962794,-0.2894423970275471,23.428574458320327,2.0,0.2072398622993997,0.1926531224749067,0.3883955742130807,11.031639344262295,87.39,1345.86,9.154920634920636,1.8767187093416595,86.38729508196722,95.11,28.59696721311476,0.5698112769138028,84.0,122.0,-4.9655039513727495,,5.0,0.0137730571127973,0.006298816612371,0.0193333814263219,0.5103854472036319,-0.4660550688686581,32.10095237914063,3.0
WB_Bhola_2016,wheat_blast,Bhola,,,,2015-16,2016,2015-12-01,2016-02-28,1,,,,,5.0,5.0,unknown,,Islam et al. (2016) BMC Biology 14:84,0.7387777777777778,33.14,66.49,0.548225201072386,0.1905525767053917,68.84911111111113,87.28,21.21711111111111,0.8328982704658895,2.0,90,-7.271757190032293,-14.046646489800068,6,0.4296595335960247,-0.3738715516259646,24.8778783586133,4.0,0.1594360619078446,0.1332681292857506,0.1706202125030887,22.81188524590164,150.38,2783.0499999999997,16.577861111111112,6.234024134790527,88.3154918032787,94.78,28.339754098360658,0.4630202648174639,103.0,122.0,-5.99896949822762,,5.0,0.1956960979609432,0.1267889446571712,0.3888666260127189,0.4934150379282475,-0.4385310567112772,18.87780794351563,4.0
WB_Kushtia_2016,wheat_blast,Kushtia,,,,2015-16,2016,2015-12-01,2016-02-28,1,,,,,2,10.0,unknown,,Islam et al. (2016) BMC Biology 14:84,0.5872222222222222,25.39,52.85,0.3811152815013404,0.2061069407208817,53.433777777777784,76.12,20.848333333333333,1.224045477064256,1.0,90,-5.664783040046541,-13.917950170138988,6,0.243151201885695,-0.2080755247310136,23.023939637539087,4.0,0.1130664753822163,0.0681827550103687,0.1411166261836871,10.146475409836064,62.22,1237.87,9.05413492063492,1.0923404892011437,85.91622950819674,94.14,28.729754098360655,0.5906335349501393,74.0,122.0,-5.296889872741836,,5.0,0.1040657695076519,0.0430912749072696,0.1554269655076106,0.4757885585596479,-0.4420542281933973,30.071990339023458,4.0
WB_Barisal_2016,wheat_blast,Barisal,,,,2015-16,2016,2015-12-01,2016-02-28,1,,,,,1,21.0,unknown,,Islam et al. (2016) BMC Biology 14:84,0.7387777777777778,33.14,66.49,0.548225201072386,0.1905525767053917,68.84911111111113,87.28,21.21711111111111,0.8328982704658895,2.0,90,-6.113607968055981,-13.286526720125009,4,0.4475166051269156,-0.3969620801387002,25.45255967439455,4.0,0.0740343555297379,0.0539819993493485,0.0802161592811468,22.81188524590164,150.38,2783.0499999999997,16.577861111111112,6.234024134790527,88.3154918032787,94.78,28.339754098360658,0.4630202648174639,103.0,122.0,-5.238309299404205,,5.0,0.1027017262012748,0.0446281110771258,0.1412691888414318,0.5821797640055416,-0.5211062140647206,31.605790097011734,4.0
WB_Pabna_2016,wheat_blast,Pabna,,,,2015-16,2016,2015-12-01,2016-02-28,1,,,,,0.2,18.0,unknown,Lowest infection,Islam et al. (2016) BMC Biology 14:84,0.5872222222222222,25.39,52.85,0.3811152815013404,0.2061069407208817,53.433777777777784,76.12,20.848333333333333,1.224045477064256,1.0,90,-5.578976110407223,-14.48116380091056,6,0.2753117019566076,-0.2463277237482055,23.353017524023457,4.0,0.1139094070149728,0.0917403016349232,0.206207101222092,10.146475409836064,62.22,1237.87,9.05413492063492,1.0923404892011437,85.91622950819674,94.14,28.729754098360655,0.5906335349501393,74.0,122.0,-4.683693721313202,,5.0,0.0493352011542853,0.0143731621656614,0.0781854531584797,0.3644060313587536,-0.3372019193525428,31.56678439156254,4.0
WB_Dinajpur_2016,wheat_blast,Dinajpur,,,,2015-16,2016,2015-12-01,2016-02-28,0,,,,,0,0.0,0,Wheat-growing district; not in 2016 outbreak zone,Islam et al. (2016) - inferred negative,0.1664444444444444,13.26,14.98,0.2117533512064343,-0.0453089067619899,49.860888888888894,81.86,19.35111111111111,1.2057302087406756,1.0,90,-7.6167587923334,-14.592320375356609,6,0.2648304578382861,-0.2781444517842154,24.270081636171895,4.0,0.0448207948207948,0.0052083333333333,0.0460243116493116,9.955,77.06,1214.51,9.898722222222222,0.0562777777777778,85.13631147540984,94.55,28.890983606557377,0.6292086028769196,64.0,122.0,-6.289065783564167,,5.0,0.0344175344175344,0.0058225839475839,0.0474435474435474,0.3622629020335114,-0.3290350444909801,31.112178830468775,4.0
WB_Thakurgaon_2016,wheat_blast,Thakurgaon,,,,2015-16,2016,2015-12-01,2016-02-28,0,,,,,0,0.0,0,Wheat-growing district; not in 2016 outbreak zone,Islam et al. (2016) - inferred negative,0.1044444444444444,8.01,9.4,0.209029490616622,-0.1045850461721775,50.381777777777785,79.43,18.995666666666672,1.167323561494254,1.0,90,-7.224904462796047,-14.890310002278992,6,0.4161703514092719,-0.402307410668769,23.713518496718763,4.0,0.0264337663779702,0.0020891913560894,0.0376593300544734,11.916475409836066,103.34,1453.81,11.993059523809524,-0.0765841139734568,85.76942622950818,95.07,28.80450819672131,0.5987669019572085,69.0,122.0,-5.693307805740015,,5.0,0.0092546145706783,0.0013728592702903,0.0138296282870243,0.4133660027850954,-0.3891782437992037,31.272576539843783,4.0
WB_Panchagarh_2016,wheat_blast,Panchagarh,,,,2015-16,2016,2015-12-01,2016-02-28,0,,,,,0,0.0,0,Wheat-growing district; not in 2016 outbreak zone,Islam et al. (2016) - inferred negative,0.0951111111111111,5.17,8.56,0.2243002680965147,-0.1291891569854036,47.242666666666665,73.93,19.373444444444445,1.2542533866962409,1.0,90,-8.194764702862711,-15.59965242074755,6,0.3682255880561026,-0.3788661306002071,24.442564805585977,4.0,0.0469881184457619,0.0179766887199717,0.1009915941267117,12.682950819672133,89.59,1547.32,12.795190476190475,-0.1122396565183443,86.00959016393443,95.31,28.40008196721312,0.5720836902493008,70.0,122.0,-5.943060191517366,,5.0,0.0751591431938007,0.056641286555179,0.1098481183471953,0.5489304697271289,-0.5010944977256739,32.99965798542969,4.0
WB_Rangpur_2016,wheat_blast,Rangpur,,,,2015-16,2016,2015-12-01,2016-02-28,0,,,,,0,0.0,0,Wheat-growing district; not in 2016 outbreak zone,Islam et al. (2016) - inferred negative,0.3928888888888889,33.35,35.36,0.2541501340482573,0.1387387548406315,52.91177777777777,82.63,19.78533333333333,1.1601449743046477,1.0,90,-18.512669503689523,-12.869445784445304,6,0.3056770725398285,-0.2801246858140729,21.132219111406272,4.0,0.0056156237737329,0.0011862718464185,0.0056156237737329,11.333688524590164,94.15,1382.71,11.216964285714283,0.1167242388758786,86.02516393442623,93.69,28.883852459016392,0.5823019460524115,62.0,122.0,-4.216236976604427,,5.0,0.0333044732393601,0.0093451196385325,0.0864421713979236,0.2129088329888893,-0.1984535908820797,15.083151513124998,4.0
WB_Nilphamari_2016,wheat_blast,Nilphamari,,,,2015-16,2016,2015-12-01,2016-02-28,0,,,,,0,0.0,0,Wheat-growing district; not in 2016 outbreak zone,Islam et al. (2016) - inferred negative,0.1044444444444444,8.01,9.4,0.209029490616622,-0.1045850461721775,50.381777777777785,79.43,18.995666666666672,1.167323561494254,1.0,90,-6.364007331870151,-14.31011093076826,6,0.343322899272276,-0.3255881184784836,22.6973418183008,4.0,0.0371641396901426,0.0049140049140049,0.0668921657034584,11.916475409836066,103.34,1453.81,11.993059523809524,-0.0765841139734568,85.76942622950818,95.07,28.80450819672131,0.5987669019572085,69.0,122.0,-4.867879024984498,,5.0,0.0152457063304017,0.002920413321602,0.0376855986068467,0.4338859887193335,-0.3907008664702162,36.33163778796876,4.0
WB_Kurigram_2016,wheat_blast,Kurigram,,,,2015-16,2016,2015-12-01,2016-02-28,0,,,,,0,0.0,0,Wheat-growing district; not in 2016 outbreak zone,Islam et al. (2016) - inferred negative,0.2001111111111111,16.19,18.009999999999998,0.2265951742627346,-0.0264840631516234,54.40722222222222,81.75,19.308333333333337,1.1042059632711017,1.0,90,-7.128752311457149,-16.18437821067208,6,0.2792402993167087,-0.2626776517075694,21.693241698828142,4.0,0.2635428132219445,0.2369974763977825,0.6877280736656625,12.538196721311474,127.04,1529.66,12.532559523809525,0.0056371975019509,86.61213114754099,94.95,28.819918032786884,0.5577785559271281,67.0,122.0,-5.312873044996775,,5.0,0.1741536170590513,0.0711433383785191,0.2902794082560694,0.1839316167972784,-0.1766650432075737,36.289715861679696,4.0
WB_Gaibandha_2016,wheat_blast,Gaibandha,,,,2015-16,2016,2015-12-01,2016-02-28,0,,,,,0,0.0,0,Wheat-growing district; not in 2016 outbreak zone,Islam et al. (2016) - inferred negative,0.3928888888888889,33.35,35.36,0.2541501340482573,0.1387387548406315,52.91177777777777,82.63,19.78533333333333,1.1601449743046477,1.0,90,-7.687416605403841,-17.47758997206728,6,0.2655386093787911,-0.2546814308763644,22.89729265039064,4.0,0.2716704722785057,0.2537837226964722,0.7861290968560176,11.333688524590164,94.15,1382.71,11.216964285714283,0.1167242388758786,86.02516393442623,93.69,28.883852459016392,0.5823019460524115,62.0,122.0,-5.874156011520266,,5.0,0.1453752908044719,0.0624467854798239,0.2071176244398365,0.2304763468653378,-0.217370590823296,24.460342515078157,4.0
WB_Bogura_2016,wheat_blast,Bogura,,,,2015-16,2016,2015-12-01,2016-02-28,0,,,,,0,0.0,0,Wheat-growing district; not in 2016 outbreak zone,Islam et al. (2016) - inferred negative,0.5925555555555556,48.22,53.330000000000005,0.2994638069705094,0.2930917485850462,54.904333333333334,86.62,19.886222222222223,1.1210466896432876,1.0,90,-5.890323915720849,-13.137907451702556,6,0.3136465008079884,-0.3005322962535289,23.04675091554691,4.0,0.1390460685740474,0.1066121393773803,0.4598121490732515,10.11549180327869,48.89,1234.09,9.99572619047619,0.1197656128024995,85.81745901639344,93.76,28.871803278688525,0.5912206364853486,68.0,122.0,-4.454640661535935,,5.0,0.011179126720305,0.0028914694484861,0.0167517726580383,0.3558284905104987,-0.3376044019957124,36.54888233257814,4.0
WB_Joypurhat_2016,wheat_blast,Joypurhat,,,,2015-16,2016,2015-12-01,2016-02-28,0,,,,,0,0.0,0,Wheat-growing district; not in 2016 outbreak zone,Islam et al. (2016) - inferred negative,0.2733333333333334,20.0,24.6,0.2365093833780161,0.0368239499553172,51.003333333333345,87.81,19.67855555555556,1.205959766567619,1.0,90,-7.017936161030015,-14.611513579544583,6,0.3321960697761161,-0.3087106761832867,22.369832749589875,4.0,0.0526690248952109,0.0079306309933783,0.0873721187100512,8.693442622950819,42.52,1060.6,8.383797619047618,0.309645003903201,84.42336065573771,93.68,28.987786885245903,0.6656867220411059,62.0,122.0,-5.211276087273342,,5.0,0.0091906252942208,0.002593485549991,0.0154135507060124,0.2654994092410967,-0.2480382520765715,35.71623841882816,4.0
WB_Naogaon_2016,wheat_blast,Naogaon,,,,2015-16,2016,2015-12-01,2016-02-28,0,,,,,0,0.0,0,Wheat-growing district; not in 2016 outbreak zone,Islam et al. (2016) - inferred negative,0.2733333333333334,20.0,24.6,0.2365093833780161,0.0368239499553172,51.003333333333345,87.81,19.67855555555556,1.205959766567619,1.0,90,-6.095125063509079,-14.793005623116164,6,0.2294816386182545,-0.2056162909791896,21.797925237148466,4.0,0.0513414860590056,0.011558220796357,0.0924275390285791,8.693442622950819,42.52,1060.6,8.383797619047618,0.309645003903201,84.42336065573771,93.68,28.987786885245903,0.6656867220411059,62.0,122.0,-5.205452298122097,,5.0,0.1696325543825179,0.0838903370873624,0.2045201592703578,0.3273049139423877,-0.3004671759905014,37.59101793828128,4.0
WB_Rajshahi_2016,wheat_blast,Rajshahi,,,,2015-16,2016,2015-12-01,2016-02-28,0,,,,,0,0.0,0,Wheat-growing district; not in 2016 outbreak zone,Islam et al. (2016) - inferred negative,0.4118888888888889,23.99,37.07,0.2792493297587131,0.1326395591301757,50.972666666666655,89.05,20.239888888888892,1.2438667219661277,1.0,90,-6.185934396913413,-14.508818607888438,3,0.2432422933714291,-0.2078292665954497,22.327087472128937,4.0,0.1137656290353976,0.0576519745229084,0.1217559554543428,8.483032786885246,52.49,1034.93,7.881261904761904,0.6017708821233425,84.24147540983606,93.31,29.005327868852465,0.6772088305664712,63.0,122.0,-5.060859788783486,,5.0,0.1028194011905171,0.0199091863792854,0.1348870325178948,0.4385955876807333,-0.4023622383295512,33.11922192722659,4.0
WB_Natore_2016,wheat_blast,Natore,,,,2015-16,2016,2015-12-01,2016-02-28,0,,,,,0,0.0,0,Wheat-growing district; not in 2016 outbreak zone,Islam et al. (2016) - inferred negative,0.4118888888888889,23.99,37.07,0.2792493297587131,0.1326395591301757,50.972666666666655,89.05,20.239888888888892,1.2438667219661277,1.0,90,-5.7887086823713725,-13.45311182972107,6,0.3090209240356619,-0.2521611622168108,21.99552284257813,4.0,0.0252399763496261,0.0134292471218254,0.0438341595802741,8.483032786885246,52.49,1034.93,7.881261904761904,0.6017708821233425,84.24147540983606,93.31,29.005327868852465,0.6772088305664712,63.0,122.0,-5.197126858897375,,5.0,0.0580406754931673,0.0270934310003524,0.1263997741719861,0.4462762836607691,-0.3990749917629674,38.08222034632814,4.0
WB_Sirajganj_2016,wheat_blast,Sirajganj,,,,2015-16,2016,2015-12-01,2016-02-28,0,,,,,0,0.0,0,Wheat-growing district; not in 2016 outbreak zone,Islam et al. (2016) - inferred negative,1.2426666666666666,92.49,111.84,0.4362949061662198,0.8063717605004468,56.80066666666667,80.3,20.344111111111115,1.105548791577525,1.0,90,-6.828275560490424,-14.666295133740109,4,0.2020308294376504,-0.1772425693385116,23.551763370546897,4.0,0.186710074461335,0.1332031040579336,0.1921042352645913,11.292377049180327,62.26,1377.6699999999998,11.057825396825397,0.2345516523549324,86.77868852459017,94.45,28.630573770491797,0.5430024480720547,94.0,122.0,-5.91551948091526,,5.0,0.2742349216294044,0.1614689439488293,0.3316101004423848,0.0805265654171311,-0.0838603707481765,31.740564895390648,4.0
WB_Faridpur_2016,wheat_blast,Faridpur,,,,2015-16,2016,2015-12-01,2016-02-28,0,,,,,0,0.0,0,Wheat-growing district; not in 2016 outbreak zone,Islam et al. (2016) - inferred negative,0.6057777777777779,15.88,54.52,0.4613672922252011,0.1444104855525767,56.373,77.39,21.10822222222222,1.174219328641751,2.0,90,-6.952457960727346,-13.989117476259205,4,0.3030349637879074,-0.2664114311693311,24.088332428164065,4.0,0.073766752269756,0.0429270035066932,0.0776087654140376,12.40377049180328,87.96,1513.26,10.502420634920634,1.9013498568826448,87.30516393442623,94.84,28.476557377049183,0.5206828492262265,92.0,122.0,-5.675188307062762,,5.0,0.0808741799370325,0.0343316842693195,0.1044632481552501,0.334844531819463,-0.3108789363286912,34.18474293148438,4.0
WB_Rajbari_2016,wheat_blast,Rajbari,,,,2015-16,2016,2015-12-01,2016-02-28,0,,,,,0,0.0,0,Wheat-growing district; not in 2016 outbreak zone,Islam et al. (2016) - inferred negative,0.5872222222222222,25.39,52.85,0.3811152815013404,0.2061069407208817,53.433777777777784,76.12,20.848333333333333,1.224045477064256,1.0,90,-7.592863346150304,-14.301043104060568,5,0.2707500714826867,-0.2305076632492249,23.2068170591797,4.0,0.1220283253078047,0.0705879110247001,0.1774023453238922,10.146475409836064,62.22,1237.87,9.05413492063492,1.0923404892011437,85.91622950819674,94.14,28.729754098360655,0.5906335349501393,74.0,122.0,-6.254418849138654,,5.0,0.1598505832782629,0.0550523052263044,0.2031473357611207,0.4467594637661717,-0.4046741746584464,35.10372634197269,4.0
WB_Magura_2016,wheat_blast,Magura,,,,2015-16,2016,2015-12-01,2016-02-28,0,,,,,0,0.0,0,Wheat-growing district; not in 2016 outbreak zone,Islam et al. (2016) - inferred negative,0.5898888888888889,16.28,53.09,0.4295710455764076,0.1603178433124813,54.500888888888895,74.01,21.031444444444443,1.219134930673346,2.0,90,-7.056997915692778,-14.516810403274716,4,0.419348490926868,-0.3737929424133675,24.98426089320313,4.0,0.0183788416301657,0.0055658500280255,0.0233054368471035,11.031639344262295,87.39,1345.86,9.154920634920636,1.8767187093416595,86.38729508196722,95.11,28.59696721311476,0.5698112769138028,84.0,122.0,-5.478290614830713,,5.0,0.0350421073345908,0.0110216774492476,0.0501556978412231,0.4567887781641524,-0.4250973921592049,35.38288355679689,3.0
WB_Narail_2016,wheat_blast,Narail,,,,2015-16,2016,2015-12-01,2016-02-28,0,,,,,0,0.0,0,Wheat-growing district; not in 2016 outbreak zone,Islam et al. (2016) - inferred negative,0.7243333333333332,21.67,65.18999999999998,0.4795442359249329,0.2447890974084002,55.131,76.36,21.337777777777777,1.2345399707257698,3.0,90,-7.281110561379702,-14.48610096242695,4,0.4489211746517337,-0.3970712833007727,24.039575574511744,4.0,0.0209249483546633,0.0050344324628278,0.034474923091265,12.398524590163934,107.58,1512.62,9.93352380952381,2.465000780640123,86.98229508196721,95.52,28.521885245901643,0.5444573684046596,88.0,122.0,-5.884449161484085,,5.0,0.0415683948437197,0.0089918269822039,0.0588194509182436,0.6043304140046224,-0.5274186616278119,32.89627289416016,4.0
WB_Satkhira_2016,wheat_blast,Satkhira,,,,2015-16,2016,2015-12-01,2016-02-28,0,,,,,0,0.0,0,Wheat-growing district; not in 2016 outbreak zone,Islam et al. (2016) - inferred negative,0.9165555555555556,39.15,82.49000000000001,0.5055495978552278,0.4110059577003278,56.653888888888886,78.57,21.944111111111113,1.2530127604591388,3.0,90,-7.537985200867808,-15.77357956355706,1,0.3055902471226364,-0.2583225127437364,23.695850938261728,4.0,0.0849822370929408,0.0393521735360597,0.0849822370929408,14.06,109.15,1715.32,11.210789682539684,2.849210317460315,87.31770491803279,95.38,28.515819672131148,0.5276051396218006,86.0,122.0,-6.803779034145377,,4.0,0.1247021699134006,0.0414798918665958,0.1661292065901513,0.44795701965251,-0.401373192086825,38.80732569593753,3.0
WB_Khulna_2016,wheat_blast,Khulna,,,,2015-16,2016,2015-12-01,2016-02-28,0,,,,,0,0.0,0,Wheat-growing district; not in 2016 outbreak zone,Islam et al. (2016) - inferred negative,0.7243333333333332,21.67,65.18999999999998,0.4795442359249329,0.2447890974084002,55.131,76.36,21.337777777777777,1.2345399707257698,3.0,90,-5.321761621029722,-13.736412278466858,4,0.2673027514302687,-0.2406504192009286,23.967419970664096,4.0,0.0810864101141087,0.0335806410979165,0.1147716582371624,12.398524590163934,107.58,1512.62,9.93352380952381,2.465000780640123,86.98229508196721,95.52,28.521885245901643,0.5444573684046596,88.0,122.0,-4.233232725565682,,5.0,0.0679144791992329,0.0200197653084284,0.0829310441431903,0.4022570387870005,-0.3593316392826073,27.757870634257827,4.0
WB_Tangail_2016,wheat_blast,Tangail,,,,2015-16,2016,2015-12-01,2016-02-28,0,,,,,0,0.0,0,Wheat-growing district; not in 2016 outbreak zone,Islam et al. (2016) - inferred negative,1.2426666666666666,92.49,111.84,0.4362949061662198,0.8063717605004468,56.80066666666667,80.3,20.344111111111115,1.105548791577525,1.0,90,-5.607488460317656,-13.46841401414508,4,0.2920203823007166,-0.2624533751908685,23.638095078828144,4.0,0.0191494389321331,0.002406199093394,0.0398845236837959,11.292377049180327,62.26,1377.6699999999998,11.057825396825397,0.2345516523549324,86.77868852459017,94.45,28.630573770491797,0.5430024480720547,94.0,122.0,-3.912423147575397,,5.0,0.0349481648694047,0.0107625673125088,0.0591742369577312,0.4496583463853386,-0.4162973852792429,35.25866879351564,4.0
WB_Jamalpur_2016,wheat_blast,Jamalpur,,,,2015-16,2016,2015-12-01,2016-02-28,0,,,,,0,0.0,0,Wheat-growing district; not in 2016 outbreak zone,Islam et al. (2016) - inferred negative,1.271111111111111,103.39,114.4,0.4064343163538874,0.8646767947572237,56.351111111111095,81.36,20.016666666666666,1.0917665566808767,1.0,90,-6.035294698844692,-14.160079666474104,6,0.2687119785818457,-0.2412030241631629,24.527300992812513,2.0,0.0407456259483388,0.0095492539074598,0.0567096151121297,11.712295081967214,53.44,1428.9,11.81393253968254,-0.1016374577153254,87.63122950819672,95.11,28.505983606557376,0.501226760762307,95.0,122.0,-5.044383346586615,,5.0,0.1182881054896349,0.0468691160600439,0.1855857799995375,0.1755019514402508,-0.1714675795587024,33.05112633476565,4.0
WB_Sherpur_2016,wheat_blast,Sherpur,,,,2015-16,2016,2015-12-01,2016-02-28,0,,,,,0,0.0,0,Wheat-growing district; not in 2016 outbreak zone,Islam et al. (2016) - inferred negative,1.271111111111111,103.39,114.4,0.4064343163538874,0.8646767947572237,56.351111111111095,81.36,20.016666666666666,1.0917665566808767,1.0,90,-5.654054040238437,-14.83719538094932,5,0.2745768001828172,-0.2521175478931822,23.800040465878936,4.0,0.0249695735518943,0.0034463243515865,0.0349440065746773,11.712295081967214,53.44,1428.9,11.81393253968254,-0.1016374577153254,87.63122950819672,95.11,28.505983606557376,0.501226760762307,95.0,122.0,-4.001756465855372,,5.0,0.0717930781805863,0.0234696743598863,0.1346674687076353,0.0574535653956352,-0.0601895853046427,29.103691531250018,4.0
WB_Mymensingh_2016,wheat_blast,Mymensingh,,,,2015-16,2016,2015-12-01,2016-02-28,0,,,,,0,0.0,0,Wheat-growing district; not in 2016 outbreak zone,Islam et al. (2016) - inferred negative,1.615444444444445,108.97,145.39,0.5517479892761394,1.0636964551683057,59.92377777777778,82.71,20.219333333333335,1.029391251930284,2.0,90,-5.4806518331483485,-13.507770768880842,4,0.3683997947868986,-0.3377487577469751,24.242029839218773,4.0,0.042282738990692,0.0125530705713235,0.0502451155971364,13.37065573770492,58.09,1631.2200000000005,13.025936507936509,0.3447192297684118,88.79139344262296,94.87,28.26934426229508,0.4470668151152797,101.0,122.0,-3.9241626192068897,,5.0,0.0518428971390672,0.0184929203367029,0.063339637329207,0.4779240348106448,-0.4223767247642168,32.77802408896487,4.0
WB_Dhaka_2016,wheat_blast,Dhaka,,,,2015-16,2016,2015-12-01,2016-02-28,0,,,,,0,0.0,0,Wheat-growing district; not in 2016 outbreak zone,Islam et al. (2016) - inferred negative,0.9512222222222224,42.22,85.61000000000001,0.5057587131367293,0.4454635090854931,58.49977777777778,79.76,20.81755555555555,1.0999830043762897,2.0,90,-3.726548545769936,-11.314834821364556,4,0.1945070846681151,-0.1996534378995542,26.74698454343752,4.0,0.0693274806280635,0.0214224197244985,0.078225018150069,12.699426229508198,61.24,1549.3300000000002,11.354730158730158,1.3446960707780402,88.55409836065576,94.89,28.28360655737705,0.4589964196950758,100.0,122.0,-2.4027556745533003,,5.0,0.1126903258050689,0.0540665856730073,0.1201122254162123,0.1917945910714064,-0.1849619103521006,31.153620097695335,4.0
WB_Comilla_2016,wheat_blast,Comilla,,,,2015-16,2016,2015-12-01,2016-02-28,0,,,,,0,0.0,0,Wheat-growing district; not in 2016 outbreak zone,Islam et al. (2016) - inferred negative,0.6012222222222223,21.19,54.11000000000001,0.5480053619302949,0.0532168602919274,68.92122222222223,87.83,19.874555555555556,0.7744084660440693,2.0,90,-7.242179558173084,-14.054629788918794,6,0.3339829106822294,-0.3288696672203927,25.623053449355496,4.0,0.1916740162830668,0.1696382395941289,0.3518726690129747,14.871639344262295,68.17,1814.34,12.783460317460316,2.0881790268019778,89.98040983606558,95.81,27.802868852459017,0.3884446646532793,103.0,122.0,-5.462986334917682,,5.0,0.1417636553876525,0.1257010752629072,0.328004700848262,0.4321402028338787,-0.3964406713860868,30.767223618007833,4.0
WB_Meherpur_2015,wheat_blast,Meherpur,,,,2014-15,2015,2014-12-01,2015-02-28,0,,,,,0,0.0,0,Pre-emergence: wheat blast not yet present in Asia,Kim & Choi (2020) Front Plant Sci - observed,0.4318888888888889,19.95,38.870000000000005,0.3340107238605898,0.097878165028299,54.53011111111111,82.8,19.290444444444447,1.1018360151742557,1.0,90,-7.264166295626341,-14.748666288317182,6,0.541476723783562,-0.4971008658448047,24.34050820255861,4.0,0.1008614593516665,0.0915625913812514,0.1870307730385281,7.507868852459016,70.5,915.96,7.926142857142856,-0.4182740046838402,84.32877049180328,93.61,29.182377049180324,0.6874345623393449,85.0,122.0,,,0.0,,,,0.4752900359449393,-0.4363238957001031,24.244720194804714,4.0
WB_Chuadanga_2015,wheat_blast,Chuadanga,,,,2014-15,2015,2014-12-01,2015-02-28,0,,,,,0,0.0,0,Pre-emergence: wheat blast not yet present in Asia,Kim & Choi (2020) Front Plant Sci - observed,0.6377777777777778,22.32,57.4,0.3954584450402145,0.2423193327375633,56.22444444444445,82.42,19.26,1.0636840066541402,2.0,90,-6.530496104596961,-14.24609837720911,6,0.5743372245530244,-0.526672873136313,24.133067100078147,3.0,0.0115530791635677,0.0028587869380288,0.0213051285090978,7.723688524590163,60.04,942.29,8.32786111111111,-0.6041725865209466,85.21975409836065,94.1,29.024180327868855,0.6437152132327074,91.0,122.0,,,0.0,,,,0.4348574626080224,-0.4100530736151643,33.30254662882814,4.0
WB_Jessore_2015,wheat_blast,Jessore,,,,2014-15,2015,2014-12-01,2015-02-28,0,,,,,0,0.0,0,Pre-emergence: wheat blast not yet present in Asia,Kim & Choi (2020) Front Plant Sci - observed,0.6614444444444445,18.88,59.53,0.4795442359249329,0.1819002085195115,56.98044444444445,80.96,19.802444444444443,1.0811053894987634,2.0,90,-6.674070972123377,-15.53883607359556,6,0.4084581718857415,-0.3962934290594778,24.61923705224612,4.0,0.0520311403517565,0.0252127784472355,0.1030370369109987,8.569016393442624,68.82,1045.42,9.93352380952381,-1.364507416081187,87.2333606557377,93.89,28.716803278688523,0.5383833616619623,97.0,122.0,,,0.0,,,,0.4711979411909526,-0.432821470924789,31.277546688066423,4.0
WB_Jhenaidah_2015,wheat_blast,Jhenaidah,,,,2014-15,2015,2014-12-01,2015-02-28,0,,,,,0,0.0,0,Pre-emergence: wheat blast not yet present in Asia,Kim & Choi (2020) Front Plant Sci - observed,0.5641111111111111,22.38,50.77,0.4295710455764076,0.1345400655347035,57.81611111111111,82.44,19.62144444444445,1.0469106218302502,1.0,90,-6.709788300822798,-15.376136323121086,6,0.4558451089076546,-0.4408704470053862,24.605678461191403,4.0,0.0519160063012266,0.0359296579630803,0.0876304720361427,8.374344262295082,80.4,1021.67,9.154920634920636,-0.7805763726255535,86.60811475409837,93.27,28.803770491803277,0.566202483651951,97.0,122.0,,,0.0,,,,0.5046192639282981,-0.4655778119941118,33.479652803808605,4.0
WB_Bhola_2015,wheat_blast,Bhola,,,,2014-15,2015,2014-12-01,2015-02-28,0,,,,,0,0.0,0,Pre-emergence: wheat blast not yet present in Asia,Kim & Choi (2020) Front Plant Sci - observed,0.1984444444444444,5.4,17.86,0.548225201072386,-0.3497807566279416,66.61077777777777,85.63,20.421666666666667,0.8614225033303144,1.0,90,-7.046899815928466,-14.532508326812026,6,0.4539459800503546,-0.400725653894007,25.193868299375023,4.0,0.1488094912585998,0.1101629225681162,0.1752541607404859,14.444098360655738,103.29,1762.18,16.577861111111112,-2.1337627504553733,88.73852459016393,93.1,28.43114754098361,0.4452865611584884,99.0,122.0,,,0.0,,,,0.6052592450185176,-0.5447524110979227,33.28836718648438,1.0
WB_Kushtia_2015,wheat_blast,Kushtia,,,,2014-15,2015,2014-12-01,2015-02-28,0,,,,,0,0.0,0,Pre-emergence: wheat blast not yet present in Asia,Kim & Choi (2020) Front Plant Sci - observed,0.3816666666666666,19.13,34.349999999999994,0.3811152815013404,0.0005513851653261,58.274111111111104,84.28,19.534444444444443,1.0253740460356628,1.0,90,-5.817111368397387,-14.97091298618778,6,0.3624411166752369,-0.3521230024114351,24.621647023378927,4.0,0.1202910295169358,0.0751397799803502,0.1434369194946556,8.680409836065575,92.16,1059.0100000000002,9.05413492063492,-0.3737250845693456,86.06008196721311,93.81,28.930491803278684,0.5921321002514331,95.0,122.0,,,0.0,,,,0.486173462903256,-0.4353364808777903,31.876277646523462,4.0
WB_Barisal_2015,wheat_blast,Barisal,,,,2014-15,2015,2014-12-01,2015-02-28,0,,,,,0,0.0,0,Pre-emergence: wheat blast not yet present in Asia,Kim & Choi (2020) Front Plant Sci - observed,0.1984444444444444,5.4,17.86,0.548225201072386,-0.3497807566279416,66.61077777777777,85.63,20.421666666666667,0.8614225033303144,1.0,90,-6.32806993474194,-13.881106640006474,6,0.4738394846308695,-0.4311095455567361,25.727386507109372,4.0,0.0747241468177132,0.0504417150620443,0.0833754718307756,14.444098360655738,103.29,1762.18,16.577861111111112,-2.1337627504553733,88.73852459016393,93.1,28.43114754098361,0.4452865611584884,99.0,122.0,,,0.0,,,,0.5251684131762182,-0.48186845212066,32.637301134687505,1.0
WB_Pabna_2015,wheat_blast,Pabna,,,,2014-15,2015,2014-12-01,2015-02-28,0,,,,,0,0.0,0,Pre-emergence: wheat blast not yet present in Asia,Kim & Choi (2020) Front Plant Sci - observed,0.3816666666666666,19.13,34.349999999999994,0.3811152815013404,0.0005513851653261,58.274111111111104,84.28,19.534444444444443,1.0253740460356628,1.0,90,-5.424038008892652,-15.015282009516293,6,0.305260339446812,-0.309004291627815,26.839381234472683,4.0,0.0422828165835664,0.0157110993257077,0.0608541154228757,8.680409836065575,92.16,1059.0100000000002,9.05413492063492,-0.3737250845693456,86.06008196721311,93.81,28.930491803278684,0.5921321002514331,95.0,122.0,,,0.0,,,,0.4420257679078915,-0.4030010427678436,35.01677712031251,4.0
WB_Dinajpur_2015,wheat_blast,Dinajpur,,,,2014-15,2015,2014-12-01,2015-02-28,0,,,,,0,0.0,0,Pre-emergence: wheat blast not yet present in Asia,Kim & Choi (2020) Front Plant Sci - observed,0.2978888888888888,8.12,26.81,0.2117533512064343,0.0861355376824545,58.283333333333346,82.44,18.37555555555555,0.9653811758437136,1.0,90,-7.749465184535349,-15.27050829196928,6,0.3739149008585388,-0.398168384193878,26.665118958945328,4.0,0.0694085928460928,0.010574698074698,0.1197447447447447,8.612950819672132,58.21,1050.7800000000002,9.898722222222222,-1.2857714025500897,83.95950819672132,95.1,29.231885245901644,0.7028232132528803,69.0,122.0,,,0.0,,,,0.3235622083104641,-0.303766477385697,32.697957638046866,4.0
WB_Rangpur_2015,wheat_blast,Rangpur,,,,2014-15,2015,2014-12-01,2015-02-28,0,,,,,0,0.0,0,Pre-emergence: wheat blast not yet present in Asia,Kim & Choi (2020) Front Plant Sci - observed,0.3562222222222223,12.16,32.06,0.2541501340482573,0.1020720881739649,61.320333333333345,83.04,18.98188888888889,0.9234811957064262,2.0,90,-4.42658622539816,-13.428831711564245,6,0.5134701188483599,-0.4776892154900081,25.733174443320323,4.0,0.0118234011412327,0.0023206573011238,0.0179063660237254,10.440409836065571,81.81,1273.7299999999998,11.216964285714283,-0.7765544496487138,84.6593442622951,94.99,29.21967213114754,0.6618237500811394,71.0,122.0,,,0.0,,,,0.2447014587317538,-0.2334666780353302,31.780704377656264,4.0
WB_Bogura_2015,wheat_blast,Bogura,,,,2014-15,2015,2014-12-01,2015-02-28,0,,,,,0,0.0,0,Pre-emergence: wheat blast not yet present in Asia,Kim & Choi (2020) Front Plant Sci - observed,0.3612222222222222,15.44,32.51,0.2994638069705094,0.0617584152517128,62.432111111111105,84.9,18.880555555555553,0.8917130007461382,1.0,90,-4.7873193832832435,-13.39556938864948,6,0.383117455793821,-0.392839795887925,26.40120820507815,3.0,0.0429424993988332,0.0195242433184002,0.0723007271230621,9.953934426229509,70.2,1214.38,9.99572619047619,-0.0417917642466818,85.28131147540984,94.68,29.126803278688527,0.6299765179193836,87.0,122.0,,,0.0,,,,0.3615963527715403,-0.3158517339094963,22.221864305000036,4.0
WB_Rajshahi_2015,wheat_blast,Rajshahi,,,,2014-15,2015,2014-12-01,2015-02-28,0,,,,,0,0.0,0,Pre-emergence: wheat blast not yet present in Asia,Kim & Choi (2020) Front Plant Sci - observed,0.3261111111111111,15.4,29.35,0.2792493297587131,0.0468617813523979,55.684333333333335,83.13,18.953555555555553,1.0555597748837795,1.0,90,-6.508566075342891,-15.400101730936834,3,0.3751821046965881,-0.3611219195904033,26.007186825957035,4.0,0.140679183784553,0.0815837006520246,0.1438856610740018,7.555081967213115,58.37,921.72,7.881261904761904,-0.3261799375487886,83.88483606557377,93.94,29.27311475409837,0.7093036976660348,72.0,122.0,,,0.0,,,,0.3592874402177521,-0.3282915019002508,34.481897045234405,4.0
WB_Meherpur_2017,wheat_blast,Meherpur,,,,2016-17,2017,2016-12-01,2017-02-28,1,,,,,low/unquantified,3.0,low/unquantified,"Recurrence, lower severity (1-5% yield loss); milder weather + management",Gupta et al. (2021) Front Plant Sci; Kim & Choi (2020),0.0147777777777777,0.81,1.33,0.3376621983914209,-0.3228844206136432,60.019888888888886,82.27,19.630777777777777,1.0222618368317573,0.0,90,-8.131036923742863,-14.857733376397311,6,0.4304934530170515,-0.4018805872871565,24.748190535312517,4.0,0.1701637377926801,0.15334087002926,0.6348636061210912,10.218688524590169,68.47,1246.6800000000003,7.919170634920634,2.2995178896695334,85.48811475409835,94.17,28.815737704918035,0.6183971373046664,77.0,122.0,-6.37711859273725,,5.0,0.0692574551017115,0.0576886810156637,0.137109168325313,0.4201454745122867,-0.3846441014708822,34.31813472242188,4.0
WB_Chuadanga_2017,wheat_blast,Chuadanga,,,,2016-17,2017,2016-12-01,2017-02-28,1,,,,,low/unquantified,3.0,low/unquantified,"Recurrence, lower severity (1-5% yield loss); milder weather + management",Gupta et al. (2021) Front Plant Sci; Kim & Choi (2020),0.0095555555555555,0.4,0.8600000000000001,0.4004986595174263,-0.3909431039618708,59.365111111111105,82.52,19.803555555555555,1.0551920947899696,0.0,90,-6.842201873566935,-13.592204221192048,6,0.5067641657338349,-0.4784270238001011,23.65512175853516,4.0,0.0156783506003847,0.0035020908464905,0.0268197190777314,11.459262295081968,99.0,1398.03,8.32120634920635,3.1380559458756174,87.01368852459015,94.92,28.52672131147541,0.5383310276653933,89.0,122.0,-6.061232674201888,,5.0,0.010852125394848,0.0032760616026061,0.0118437882868175,0.0595825125319582,-0.0577915021891265,24.10462365500003,3.0
WB_Jessore_2017,wheat_blast,Jessore,,,,2016-17,2017,2016-12-01,2017-02-28,1,,,,,low/unquantified,3.0,low/unquantified,"Recurrence, lower severity (1-5% yield loss); milder weather + management",Gupta et al. (2021) Front Plant Sci; Kim & Choi (2020),0.0176666666666666,1.12,1.59,0.4833029490616621,-0.4656362823949955,62.65855555555554,86.4,19.861444444444448,0.9736884169510396,2.0,90,-7.109002824330974,-14.285362605984986,6,0.3380476540265085,-0.3227897731438866,24.36703457457034,4.0,0.0588471325737852,0.0171001720796955,0.1313572226169932,15.420491803278688,244.27,1881.3,9.924047619047618,5.49644418423107,89.41049180327867,95.34,28.180983606557376,0.4207652862232475,112.0,122.0,-6.4972651464747,,5.0,0.0443964703924643,0.0230893936704832,0.0953280589782229,0.0272632834548517,-0.0225055901815989,12.02887470921877,3.0
WB_Jhenaidah_2017,wheat_blast,Jhenaidah,,,,2016-17,2017,2016-12-01,2017-02-28,1,,,,,low/unquantified,3.0,low/unquantified,"Recurrence, lower severity (1-5% yield loss); milder weather + management",Gupta et al. (2021) Front Plant Sci; Kim & Choi (2020),0.014,0.83,1.26,0.4329383378016085,-0.4189383378016085,62.71155555555555,85.43,19.834666666666664,0.9626714044607878,1.0,90,-7.771061947508955,-15.171513491983848,6,0.4135254989504398,-0.4035644266035456,24.991404020937523,4.0,0.1447301138166881,0.1269291680605287,0.3938773986410812,13.213114754098363,165.73,1612.0000000000002,9.139853174603177,4.073261579495188,88.38811475409837,95.16,28.36327868852459,0.468053980297264,107.0,122.0,-7.124085719238454,,5.0,0.1772014862339431,0.1571591039394217,0.4032399920560615,0.1061573154484352,-0.093905704291849,21.692752138671892,3.0
WB_Bhola_2017,wheat_blast,Bhola,,,,2016-17,2017,2016-12-01,2017-02-28,1,,,,,low/unquantified,3.0,low/unquantified,"Recurrence, lower severity (1-5% yield loss); milder weather + management",Gupta et al. (2021) Front Plant Sci; Kim & Choi (2020),0.0822222222222222,2.64,7.4,0.5473351206434317,-0.4651128984212095,72.91099999999999,87.26,20.179222222222226,0.6934672856814335,4.0,90,-6.968049130433301,-13.81047561193776,6,0.4514340157478066,-0.4189460739643257,26.25147178074222,4.0,0.1670940755461097,0.1266150466387176,0.1835490404020699,26.47590163934426,272.1,3230.06,16.555587301587302,9.92031433775696,88.80778688524592,94.3,28.299918032786884,0.4351150831754263,110.0,122.0,-7.0536162156474544,,5.0,0.2060214520156751,0.1420799751358717,0.2731351594837217,0.3751099808816818,-0.3391108026581007,19.52129026343755,1.0
WB_Kushtia_2017,wheat_blast,Kushtia,,,,2016-17,2017,2016-12-01,2017-02-28,1,,,,,low/unquantified,3.0,low/unquantified,"Recurrence, lower severity (1-5% yield loss); milder weather + management",Gupta et al. (2021) Front Plant Sci; Kim & Choi (2020),0.0177777777777777,0.74,1.6,0.3843806970509383,-0.3666029192731606,62.872333333333344,84.5,19.838444444444445,0.9536121811576048,0.0,90,-6.051075064294351,-14.208954327868264,6,0.3714278243936927,-0.3678168603323561,26.969429552070352,4.0,0.1225823584779298,0.0798292232284622,0.1458713069746577,11.475819672131143,85.72,1400.0499999999995,9.042551587301586,2.4332680848295585,87.36229508196722,94.5,28.584098360655737,0.517979864728157,94.0,122.0,-5.55497805956358,,5.0,0.1004542436481956,0.0529730507868257,0.159841502583438,0.3027547297933656,-0.2825719673277775,33.19392435652347,4.0
WB_Barisal_2017,wheat_blast,Barisal,,,,2016-17,2017,2016-12-01,2017-02-28,1,,,,,low/unquantified,3.0,low/unquantified,"Recurrence, lower severity (1-5% yield loss); milder weather + management",Gupta et al. (2021) Front Plant Sci; Kim & Choi (2020),0.0822222222222222,2.64,7.4,0.5473351206434317,-0.4651128984212095,72.91099999999999,87.26,20.179222222222226,0.6934672856814335,4.0,90,-6.0643717301067674,-12.855791356606314,6,0.4561024018612138,-0.4399129078239124,26.399664977949243,4.0,0.0775248670079767,0.0558032783931886,0.081363252922205,26.47590163934426,272.1,3230.06,16.555587301587302,9.92031433775696,88.80778688524592,94.3,28.299918032786884,0.4351150831754263,110.0,122.0,-6.012143069782214,,5.0,0.1212374239387852,0.057804151614702,0.1778764308473584,0.4163314415296489,-0.3831798648876117,,1.0
WB_Pabna_2017,wheat_blast,Pabna,,,,2016-17,2017,2016-12-01,2017-02-28,1,,,,,low/unquantified,3.0,low/unquantified,"Recurrence, lower severity (1-5% yield loss); milder weather + management",Gupta et al. (2021) Front Plant Sci; Kim & Choi (2020),0.0177777777777777,0.74,1.6,0.3843806970509383,-0.3666029192731606,62.872333333333344,84.5,19.838444444444445,0.9536121811576048,0.0,90,-7.219801418503421,,1,0.3601543118601752,-0.3660891956863671,30.241536147500028,4.0,0.1031239963620893,0.0675591253857521,0.2230427893486962,11.475819672131143,85.72,1400.0499999999995,9.042551587301586,2.4332680848295585,87.36229508196722,94.5,28.584098360655737,0.517979864728157,94.0,122.0,-5.585062117770583,,5.0,0.1357179734844188,0.0923121972018445,0.2509950595486998,0.2630893566094356,-0.2462979091059765,35.101022634746116,4.0
